,Unnamed: 0.1,Unnamed: 0,seq,secs,nsecs,p_x,p_y,p_z,o_x,o_y,o_z,x_calibrated,y_calibrated
0,330886,330886,0,1686579598,184149027,0.0002668510423973,-0.000146997423144,-3.824926898232661e-05,-0.0470251201190439,-0.0059748321180141,0.9847000188489232,55.89795047169096,-54.371784202236285
1,330887,330887,0,1686579600,806530952,-0.114832192659378,-0.0322716161608696,-0.2592631578445434,-0.1095496270132828,-0.1029216517639665,0.975056520953962,55.94035485035251,-54.486673170494385
2,330888,330888,0,1686579604,235791922,-0.0917830169200897,-0.1797993034124374,0.2510372698307037,-0.0036239452721848,-0.1040996848028443,0.99393400913367,56.0590178395385,-54.47234815946872
3,330889,330889,0,1686579604,437582970,-0.0649215057492256,-0.2559474110603332,0.290099561214447,-0.0147135348384857,0.0441380610084607,-0.9923020816712332,56.13379700206366,-54.4487840259499
4,330890,330890,0,1686579604,639221907,-0.0450247935950756,-0.2284394800662994,0.2338594198226928,-0.0045674679855553,0.0220269463299368,-0.9595388774688764,56.11039195310723,-54.42749181464828
5,330891,330891,0,1686579604,841006041,0.0189722720533609,-0.3033965229988098,0.21040640771389,0.0144850121223519,0.0189863007649602,-0.8986762228200799,56.18906692404978,-54.36643539167824
6,330892,330892,0,1686579605,42687893,0.1251481473445892,-0.3995861411094665,0.2272447794675827,0.0122070769596265,0.0075964538693461,-0.8044848602649108,56.28828004371301,-54.26430779001326
7,330893,330893,0,1686579605,244415045,0.2477918565273285,-0.5320994257926941,0.2430826872587204,0.0149202098689934,-0.005210466299217,-0.7253980277708814,56.424441390686326,-54.14718165798082
8,330894,330894,0,1686579605,647906065,0.5392991304397583,-0.7290006875991821,0.2363701611757278,0.0141243439450884,-0.0117055654617952,-0.6071713378716603,56.63286122151715,-53.8637987770773
9,330895,330895,0,1686579606,51337957,0.865318238735199,-1.0104118585586548,0.1928931474685669,0.0117833007685908,-0.0127626470543729,-0.5083116251111076,56.929077946574814,-53.549132404762126
10,330896,330896,0,1686579607,59900045,1.6536965370178225,-1.6626570224761963,0.2565397024154663,0.042102744482068,-0.0509736501622289,-0.4407931529921045,57.60746451192015,-52.78798677457939
11,330897,330897,0,1686579607,866777897,2.074066162109375,-2.2495150566101074,0.3684576451778412,0.0119324321406216,-0.0340501243150609,-0.5523179432388158,58.2031776475287,-52.39217833598825
12,330898,330898,0,1686579608,875421047,2.5718882083892822,-3.1998491287231445,0.3209268152713775,0.0501431413747505,-0.0229656203092086,-0.6028484565390978,59.17375205345907,-51.93273684240402
13,330899,330899,0,1686579609,883972883,2.910738945007324,-4.291284561157227,0.2556692063808441,0.0496877833664171,-0.0045542110144111,-0.6860876275462403,60.279768327062804,-51.63771536708629
14,330900,330900,0,1686579610,690843105,3.2431859970092773,-5.248783111572266,0.1742195636034011,0.0165923507576425,0.0035108873872386,-0.6451504523085191,61.25285540271108,-51.34361661020122
15,330901,330901,0,1686579611,699498892,3.59159255027771,-6.371424674987793,0.1473945528268814,0.078148869763615,0.0366605916267153,-0.7087372823620792,62.38816608989539,-51.04051116888093
16,330902,330902,0,1686579612,708106995,3.8062548637390137,-7.558762073516846,0.1277821809053421,0.0732002480481542,0.0025662749308544,-0.7125331482627032,63.582268381546626,-50.87368137120433
17,330903,330903,0,1686579613,716725111,4.068234443664551,-8.699793815612793,0.0648906156420707,0.0486592369171583,-0.0241352155186513,-0.6945967611180427,64.73455951110599,-50.657475617140115
18,330904,330904,0,1686579614,523580074,4.313507556915283,-9.69143009185791,0.0410351753234863,0.0339317037764036,-0.0303056668263223,-0.6401119807188544,65.73490625973648,-50.45216489483202
19,330905,330905,0,1686579615,330543041,4.495535850524902,-10.681533813476562,0.0302337799221277,0.0806032140704438,-0.0145951753247069,-0.6390293264067537,66.73045149265855,-50.310056097104194
20,330906,330906,0,1686579615,733923912,4.587820529937744,-11.144115447998049,0.0375458039343357,0.0551836220930472,0.0021865278376663,-0.7230419926336968,67.1951514220005,-50.23649508254208
21,330907,330907,0,1686579616,339095116,4.778017044067383,-11.87318992614746,-0.053272720426321,0.0484219037724317,-0.0119244802063546,-0.645276751417609,67.93524795928744,-50.075290123319206
22,330908,330908,0,1686579617,347651958,5.10800838470459,-13.100720405578612,-0.072492592036724,0.0141272912615768,-0.0137732554427956,-0.6271045265830587,69.17401740276094,-49.794845293814824
23,330909,330909,0,1686579617,751095057,5.17117166519165,-13.531858444213867,-0.0272094178944826,0.0462562551757712,-0.0169042825818579,-0.7061261061725417,69.60400149409463,-49.749322986169666
24,330910,330910,0,1686579618,759778976,5.581492424011231,-14.652915954589844,-0.0661275088787078,0.0365635163779216,-0.0073885138128948,-0.6859166475179216,70.74089632891078,-49.38422498598648
25,330911,330911,0,1686579619,364850998,5.76254415512085,-15.351229667663574,-0.1749896705150604,0.062353141158377,-0.0157775448563999,-0.5976632402771669,71.45098361553814,-49.23082191562996
26,330912,330912,0,1686579620,373452902,6.043282508850098,-16.505701065063477,-0.1685182452201843,0.053884596776043,-0.0242622098952702,-0.6265814736075618,72.61342984712196,-48.99679008234102
27,330913,330913,0,1686579621,382088900,6.338110446929932,-17.56736183166504,-0.2482345700263977,0.057925173611336,-0.0136655950107191,-0.6239642970399447,73.68882407462381,-48.74447889802165
28,330914,330914,0,1686579622,592400074,6.735484600067139,-18.69257926940918,-0.255135178565979,0.0820761299688406,0.0097250757428604,-0.6744365980102137,74.82750681678189,-48.392658011347834
29,330915,330915,0,1686579623,601005077,6.867897987365723,-19.355697631835938,-0.3347257971763611,0.1031374267858194,-0.0684844141391339,-0.7655619691909514,75.49885960089891,-48.28659635422093
30,330916,330916,0,1686579624,609643936,7.00617265701294,-20.1898193359375,-0.4005708396434784,0.0725588566200989,-0.0186772869760484,-0.696101835703238,76.34023633412406,-48.181631694100304
31,330917,330917,0,1686579625,819917917,7.418804168701172,-21.11967658996582,-0.4358106553554535,0.08661727012633,-0.0349810841283787,-0.6596337384692915,77.28628105981643,-47.806553554539434
32,330918,330918,0,1686579627,30354977,7.7725958824157715,-22.231014251708984,-0.4896758496761322,0.0578826171817826,-0.0454847450070451,-0.6026829759959262,78.41208917299238,-47.497465862487516
33,330919,330919,0,1686579628,38921118,7.938843727111816,-23.287015914916992,-0.5061629414558411,0.0572480864657608,-0.0520708226118569,-0.6430052798079234,79.47306930638769,-47.373744462158626
34,330920,330920,0,1686579629,47569036,8.124512672424316,-24.32408142089844,-0.5347687005996704,0.0591246860094518,-0.0132824231413297,-0.6385966649166497,80.51663239718573,-47.22979043869444
35,330921,330921,0,1686579630,56097984,8.388284683227539,-25.37147331237793,-0.5485708713531494,0.0297978025017934,-0.0015615563197084,-0.6147426862633942,81.57275519162208,-47.008293486482565
36,330922,330922,0,1686579630,661241055,8.540299415588379,-25.929420471191406,-0.5515149831771851,0.0283303949969865,0.0032449710606974,-0.6926222421950953,82.13555752299933,-46.87883215365079
37,330923,330923,0,1686579631,669832945,8.85104751586914,-26.970001220703125,-0.5567891597747803,0.0021581164791059,0.0151183954703542,-0.6810367067478832,83.18626611954339,-46.61017014397756
38,330924,330924,0,1686579632,678597927,9.161267280578612,-27.929107666015625,-0.5611943602561951,0.0384929973472552,-0.0136494932630655,-0.6582931286078215,84.15562959384044,-46.338763349870284
39,330925,330925,0,1686579633,687128067,9.41526985168457,-28.974987030029297,-0.5662794709205627,0.0198269396744651,0.0259089756142591,-0.6852034730518813,85.20935173056185,-46.127014272073595
40,330926,330926,0,1686579634,695749044,9.633051872253418,-29.99623107910156,-0.5715625286102295,0.0322426179862899,-7.985879268694249e-05,-0.7152781549855892,86.23706725494657,-45.95046383333698
41,330927,330927,0,1686579635,99107981,9.524786949157717,-30.38109588623047,-0.5741811990737915,0.0516264427227026,0.0125103852281013,-0.8086336428751348,86.616822663866,-46.07410696502398
42,330928,330928,0,1686579635,704308987,9.393970489501951,-30.904346466064453,-0.5777486562728882,0.0521144837875488,0.0077429560300651,-0.8908845710773,87.13377966135545,-46.225844631429126
43,330929,330929,0,1686579636,107703924,9.172219276428224,-31.14434814453125,-0.5797842741012573,0.0508914124193016,0.0434286186797599,-0.9319437860386496,87.36447242360936,-46.45705639361261
44,330930,330930,0,1686579636,914588928,8.530896186828613,-31.649065017700195,-0.5840724110603333,0.0641425051675279,0.0753232295230669,-0.9699624795756244,87.84264061989315,-47.11813050031703
45,330931,330931,0,1686579637,923197031,7.489572525024414,-31.9787712097168,-0.5879405736923218,0.0535274057363737,0.0595597753659229,-0.9825310463792932,88.13026538037406,-48.171837780671794
46,330932,330932,0,1686579638,931775093,6.37044095993042,-32.34822082519531,-0.5922951102256775,0.0574509202157574,0.0366668575048156,-0.9796124409343542,88.45446346146807,-49.30488492528694
47,330933,330933,0,1686579639,940433025,5.34642505645752,-32.72439193725586,-0.596673846244812,-0.0105388353634423,0.1203321367134563,-0.9755192872141016,88.78915799169152,-50.343165047154606
48,330934,330934,0,1686579640,545577049,4.744536876678467,-32.92216491699219,-0.5992856621742249,0.0097102295002892,0.0078354492424233,-0.9873695024423974,88.96261174827154,-50.95249865569601
49,330935,330935,0,1686579641,554218054,3.6623764038085938,-33.28408432006836,-0.6038334369659424,0.0248071431381798,-0.0086206847553296,-0.9914434602517468,89.28078246478114,-52.04830121682639
50,330936,330936,0,1686579642,361114025,2.8897244930267334,-33.534645080566406,-0.6070486307144165,0.0467939346182963,-0.0187517003083129,-0.9983581092829678,89.50012454925589,-52.83037799728052
51,330937,330937,0,1686579643,369669914,1.9378602504730225,-33.858062744140625,-0.6111835241317749,0.038720442376022,-8.263367384272124e-05,-0.999045939958422,89.78505632139064,-53.79444517478065
52,330938,330938,0,1686579644,579994917,0.7380726933479309,-34.0206413269043,-0.6146126389503479,-0.0394609755739619,0.0185470948337332,0.997728045441446,89.89962477438252,-54.99976522490736
53,330939,330939,0,1686579645,588638067,-0.243345096707344,-33.999942779541016,-0.6162979602813721,-0.0432728904242142,-0.0050857920220547,0.984915087976348,89.83996761955635,-55.97953240131167
54,330940,330940,0,1686579646,193758965,-0.7246776819229126,-33.91343307495117,-0.6166050434112549,0.0070762410732813,-0.0214867398507982,0.9557886201293866,89.7345086201125,-56.45698666944781
55,330941,330941,0,1686579646,597177029,-1.0402175188064575,-33.7681999206543,-0.6161355376243591,-0.0041561965797741,-0.0329741604712274,0.914677321498724,89.57703215333127,-56.76642682246027
56,330942,330942,0,1686579647,404083967,-1.5665249824523926,-33.25859069824219,-0.6130200028419495,-0.0135194948701429,0.0197603333664129,0.8410344661082311,89.04752453416718,-57.271817794745786
57,330943,330943,0,1686579647,807544947,-1.5826314687728882,-32.8526496887207,-0.6097450852394104,-0.0137135763814785,-0.0024496955338592,0.7677704625938113,88.6417510698904,-57.27159931863872
58,330944,330944,0,1686579649,17923117,-1.7870533466339111,-31.690580368041992,-0.6002176403999329,0.0458648074599902,0.0311970033178028,0.7144453631689097,87.47384420438499,-57.42915880312931
59,330945,330945,0,1686579649,824749947,-1.8482729196548464,-30.851652145385746,-0.5930595397949219,0.0084713979658298,0.0382005733323517,0.6175071783855404,86.63412667731801,-57.45661988164993
60,330946,330946,0,1686579650,833334923,-1.6372082233428955,-29.909189224243164,-0.4167726635932922,0.0499779342258807,-0.0602066583113321,0.5915611241153573,85.69222797623277,-57.208774574849
61,330947,330947,0,1686579651,236871004,-1.6044862270355225,-29.539884567260746,-0.5202864408493042,-0.012274569831834,-0.0582580513821475,0.6953011149659264,85.33110315220374,-57.16066178819871
62,330948,330948,0,1686579652,245399952,-1.4963632822036743,-28.26841163635254,-0.5256434679031372,0.0089797476372946,-0.0623686300782133,0.7556391154869969,84.06737382914207,-57.00145232641981
63,330949,330949,0,1686579653,455705881,-1.73653244972229,-27.03874397277832,-0.4906716048717499,-0.0156253549418858,-0.0238822518071031,0.7784092387961893,82.82914346007183,-57.19214856506509
64,330950,330950,0,1686579654,464394093,-2.0565364360809326,-25.92329216003418,-0.4774144291877746,-0.0426500891717916,-0.0183597194983379,0.8214114857943459,81.7029188327806,-57.46709039710514
65,330951,330951,0,1686579655,472985983,-2.3499538898468018,-24.85569190979004,-0.5120299458503723,-0.0343490880200057,-0.042263555795391,0.7898472171105092,80.62824751255236,-57.71713256913675
66,330952,330952,0,1686579656,481575012,-2.6025550365448,-23.7536849975586,-0.4309578239917755,-0.0739708468429461,-0.0161005511890572,0.7637867537450902,79.51421079474494,-57.925636152126714
67,330953,330953,0,1686579657,490170956,-2.8644070625305176,-22.74004554748535,-0.5260207653045654,0.0159178659934946,0.0166357725348742,0.7432053105227666,78.49811036415629,-58.14598134901878
68,330954,330954,0,1686579658,297053099,-3.120964288711548,-21.89935302734375,-0.4807681143283844,-0.0207035904981104,-0.0799605855440336,0.6448138867781312,77.64665296792276,-58.368754956748816
69,330955,330955,0,1686579658,902268887,-3.337303400039673,-21.192981719970703,-0.4733474850654602,-0.0445651007898328,-0.0357153131753974,0.7276196732430876,76.93297021604126,-58.556541419348214
70,330956,330956,0,1686579659,910842896,-3.5811209678649902,-20.02461814880371,-0.5111297369003296,-0.034550642885813,0.0421439264922328,0.7586884463608532,75.75994232192339,-58.75295406270286
71,330957,330957,0,1686579660,919408083,-3.944234609603882,-18.876859664916992,-0.511858344078064,-0.0202302617223497,0.0310263668700791,0.7897720372709747,74.60057898913371,-59.069594509970415
72,330958,330958,0,1686579661,927988052,-4.317351341247559,-17.625520706176758,-0.5167829990386963,-0.0177746191480307,0.0131047877609847,0.8096578083247069,73.33773319199558,-59.39204037028901
73,330959,330959,0,1686579662,936604023,-4.622197151184082,-16.46976661682129,-0.4968342781066894,0.0046887915630144,-0.032707349797321,0.8265432347295072,72.17152360705364,-59.65025164252167
74,330960,330960,0,1686579663,945262909,-4.868475437164307,-15.3406400680542,-0.5324252843856812,0.0011830417956026,-0.0379927657384973,0.8230879373703617,71.03741187249484,-59.850713230256886
75,330961,330961,0,1686579664,348650932,-4.881766319274902,-14.927233695983888,-0.506113588809967,-0.0198215170740222,-0.0379366373857667,0.733743519031788,70.6229754544261,-59.847506245910054
76,330962,330962,0,1686579665,357260942,-4.973613739013672,-13.792474746704102,-0.5037925243377686,-0.0357264539509085,-0.0725648590573757,0.6797529005752279,69.48721304524588,-59.89364351651773
77,330963,330963,0,1686579666,365931988,-5.053238868713379,-12.634498596191406,-0.480452686548233,-0.037890170599045,-0.0139848933930334,0.6985471097805833,68.32756574858895,-59.92674875198954
78,330964,330964,0,1686579667,374469995,-5.121012210845947,-11.489042282104492,-0.5042150616645813,-0.0506368636582797,-0.0129852540799247,0.6897223369591506,67.18359535104752,-59.948259850589025
79,330965,330965,0,1686579668,383063078,-5.136388301849365,-10.332290649414062,-0.4547925889492035,-0.027103937979615,-0.0135745679253739,0.7134868048437278,66.02622595579767,-59.917359872451094
80,330966,330966,0,1686579669,189956903,-5.373223304748535,-9.339683532714844,-0.486507385969162,-0.0161069120155351,-0.0730464383315749,0.7921085736682454,65.02845078357122,-60.11389866552516
81,330967,330967,0,1686579670,198564053,-5.7132415771484375,-8.20329475402832,-0.4612141251564026,-0.0021007557833807,-0.0196638822063134,0.8069941215646438,63.87984924245178,-60.40806142412761
82,330968,330968,0,1686579671,207155943,-6.100407600402832,-7.098909378051758,-0.4661788642406463,-0.055420744370997,-0.0190367450567609,0.8218341688700296,62.76303817732955,-60.750456165744495
83,330969,330969,0,1686579671,610702038,-6.239096641540527,-6.737950325012207,-0.4637165665626526,-0.0770245619955374,-0.066470943108143,0.7346903372314925,62.39729835433687,-60.874524259219434
84,330970,330970,0,1686579672,619208097,-6.5377116203308105,-5.6239013671875,-0.4526594281196594,-0.0591010402189372,-0.0794418963582237,0.7426679529856156,61.27345226168316,-61.12813919790352
85,330971,330971,0,1686579673,22653103,-6.549513339996338,-5.254675388336182,-0.4700192511081695,-0.0422450411762899,-0.0430780167552289,0.667513062023694,60.905664739910435,-61.12498437274616
86,330972,330972,0,1686579673,627810001,-6.545788764953613,-4.47187089920044,-0.4686396420001983,-0.0442460840618427,-0.0329013468591554,0.5615556171060743,60.12485393075271,-61.08978109794659
87,330973,330973,0,1686579674,31275988,-6.344659805297852,-4.214755058288574,-0.4693862497806549,-0.0303607811882791,-0.0365823870083294,0.4532602253525403,59.876427753950836,-60.878471049174635
88,330974,330974,0,1686579674,636460066,-5.971563339233398,-3.686349391937256,-0.3424469232559204,0.0083075637034785,-0.038989317676331,0.327195250445675,59.35686973622833,-60.485115533234165
89,330975,330975,0,1686579675,39885044,-5.733035087585449,-3.3997890949249268,-0.2994263172149658,-0.0294629540292192,-0.0893447476661219,0.2025364846920923,59.078038442208516,-60.23549021141724
90,330976,330976,0,1686579675,846749067,-5.151419162750244,-3.1026196479797363,-0.2331520318984985,-0.0127718142695289,-0.0460008091524718,0.1028600640959526,58.800954491916066,-59.64275946383777
91,330977,330977,0,1686579677,57183981,-4.197567462921143,-2.676628351211548,-0.2754668295383453,0.0334853982918728,-0.0045876969568501,-0.0470604686579692,58.41645846279773,-58.67232811851052
92,330978,330978,0,1686579677,460511923,-3.7519547939300537,-2.5402495861053467,-0.2346457988023758,-0.0408350902954788,-0.0371179599258965,0.1095700150826983,58.29581795421868,-58.22181834033587
93,330979,330979,0,1686579678,469168901,-2.653141498565674,-2.281263828277588,-0.2170443087816238,0.0390818616387503,-0.0170567188672889,0.2453430054236475,58.08023876375208,-57.11358818737974
94,330980,330980,0,1686579679,477781057,-1.8198537826538088,-1.5588548183441162,-0.0064054196700453,0.0060861110007307,-0.0226008451038779,0.3766424464557775,57.38066618456095,-56.25307111886368
95,330981,330981,0,1686579680,486366034,-1.2617703676223757,-0.5890225172042847,-0.1122468933463096,0.0068950305775446,0.0575870173229415,0.3617205626584939,56.44155866364092,-55.65586030086391
96,330982,330982,0,1686579681,494947910,-0.6199600100517273,0.2296028137207031,0.0639597997069358,0.0334340864229134,0.0425249874354861,0.3515795393546101,55.64036164784055,-54.98260541529007
97,330983,330983,0,1686579682,301924944,-0.2181356847286224,0.869148850440979,0.2093883454799652,0.0535755763973204,-0.0590652695770885,0.2698059513206859,55.010015299974896,-54.5561753477271
98,330984,330984,0,1686579682,705290079,0.122506745159626,1.2062251567840576,0.2412393391132354,0.0416870400658835,0.0198789040994765,0.422548980249857,54.68550512614808,-54.2024272920114
99,330985,330985,0,1686579683,713895082,0.5888891220092773,2.076286554336548,0.3569694757461548,-0.0411568854953887,-0.0657246920660057,0.5209129436157275,53.82949487878718,-53.70205837047113
100,330986,330986,0,1686579684,520797968,0.9658858776092528,3.0642683506011963,0.3982041180133819,-0.0121996440927872,-0.0298475494285503,0.6061393908715053,52.856587317949014,-53.28585343655581
101,330987,330987,0,1686579685,327637911,1.2742916345596311,3.9709360599517822,0.5380367636680603,-0.0223443109008216,-0.0490213873417585,0.4706242944587235,51.95637627229887,-52.94198926978298
102,330988,330988,0,1686579686,134526014,1.7504217624664309,4.619658946990967,0.5450983047485352,-0.0281352988859023,-0.0839861939523231,0.3313247937497698,51.32781379448333,-52.44019422209955
103,330989,330989,0,1686579686,739670992,2.209311008453369,5.02308988571167,0.549950122833252,-0.0069072497022258,-0.093440465333694,0.2199837540975799,50.94338052485812,-51.96548101558038
104,330990,330990,0,1686579687,344906092,2.753371000289917,5.308906555175781,0.5582643151283264,0.0572297905881671,-0.0138763108188403,0.0830217534876081,50.67946651954664,-51.41041723266052
105,330991,330991,0,1686579688,353465080,3.6562154293060303,5.557570934295654,0.5761901140213013,0.0209527551617702,-0.0356230998324694,-0.0847913894801057,50.46635583788789,-50.49841138842936
106,330992,330992,0,1686579688,757045984,3.9529175758361816,5.395235538482666,0.5777870416641235,0.0750125978866935,-0.03275502616403,-0.2518716196167629,50.64002273035989,-50.208492578778014
107,330993,330993,0,1686579689,160357952,4.22370719909668,5.277885913848877,0.5804166793823242,0.0342536193355586,-0.0304433676356302,-0.3659337985589989,50.767722387102125,-49.94266093641512
108,330994,330994,0,1686579689,563772917,4.475144386291504,5.009582996368408,0.5827243328094482,0.0421121825125832,-0.02246192447943,-0.4896578382935365,51.04525158863707,-49.70223631180534
109,330995,330995,0,1686579690,370708942,4.766111373901367,4.244992733001709,0.5754584074020386,0.0424278295418894,-0.0003554752108068,-0.5797152977892976,51.81997493067691,-49.4422262458397
110,330996,330996,0,1686579691,379389048,5.111822128295898,3.220044136047364,0.5624976754188538,0.0097993737818274,0.0109870625864219,-0.5798305736097993,52.856926126355,-49.13795984001499
111,330997,330997,0,1686579691,984431028,5.516327381134033,2.7982897758483887,0.5610703825950623,-0.0186940368272295,0.0178466022791662,-0.4865147354459886,53.29384410705585,-48.75074579277231
112,330998,330998,0,1686579692,387856960,5.911693572998047,2.665172576904297,0.5652511119842529,-0.0424806249636602,0.0301319663680605,-0.3586447744457732,53.442147159355834,-48.36108294352107
113,330999,330999,0,1686579692,993029118,6.574633598327637,2.602597236633301,0.56797194480896,-0.0053359608491129,0.0557932370724118,-0.1800254789510404,53.53082801788642,-47.70122122437181
114,331000,331000,0,1686579693,396608114,6.982271671295166,2.649300575256348,0.5768826007843018,-0.0080227538943574,0.0399165938949364,-0.0389610837498955,53.49996899000108,-47.29208878996359
115,331001,331001,0,1686579694,606791019,8.17333984375,2.665688753128052,0.5810168981552124,0.0201702926459418,0.0205468362002302,-0.0158013844757967,53.53084338218753,-46.10136545354452
116,331002,331002,0,1686579695,615401983,9.25955581665039,2.828653812408448,0.5875934362411499,0.0618509534422838,0.0296921160307001,0.0421442866485438,53.4111824444993,-45.009524929738745
117,331003,331003,0,1686579696,624053001,10.285828590393066,3.073870897293091,0.5956580638885498,0.0024344256309875,0.0009084657388431,0.0604072413235767,53.20699737084653,-43.974277594817394
118,331004,331004,0,1686579697,632636070,11.450645446777344,3.3251748085021973,0.6033744215965271,0.0239728091866746,-0.0177466111487878,0.1445053239985303,53.00228109815268,-42.80035361794492
119,331005,331005,0,1686579698,641216040,12.5455961227417,3.718601942062378,0.6147263050079346,0.0440162761731624,-0.0063122324599231,0.1325030262984694,52.652797499051644,-41.690540901211065
120,331006,331006,0,1686579699,44656992,12.924177169799805,3.797924518585205,0.6197279691696167,0.0577191019597894,0.0011111246937308,0.0242007356777565,52.58846696614783,-41.309108172888045
121,331007,331007,0,1686579700,53268909,14.008039474487305,4.083034038543701,0.627637505531311,-0.016621935195059,-0.0232496991736289,0.0070551884953036,52.34679126533171,-40.21471320598377
122,331008,331008,0,1686579701,61894894,15.08063793182373,4.472640037536621,0.6382455825805664,0.0206480776457737,0.0243501902065767,-0.0760853231453727,52.000271616502346,-39.127383957474635
123,331009,331009,0,1686579702,70493937,16.180131912231445,4.637532711029053,0.6417649984359741,0.0142052332437459,0.0342972587656994,-0.16966231923368,51.87939314711956,-38.02218222994035
124,331010,331010,0,1686579702,877520084,17.012121200561523,4.566219806671143,0.6392122507095337,0.0266041887011375,0.0064206963686241,-0.2771854837713079,51.98383024866561,-37.19373341642577
125,331011,331011,0,1686579703,886039019,18.025936126708984,4.242243766784668,0.6271088123321533,-0.0123940079671863,-0.0018225645817109,-0.2454551926662545,52.348105076542886,-36.1937206427077
126,331012,331012,0,1686579704,894632101,19.10236358642578,3.980769157409668,0.615599513053894,0.0186130280666624,0.026085464451535,-0.2088961229324852,52.652492830846754,-35.12863596780948
127,331013,331013,0,1686579705,903230906,20.263891220092773,3.8049612045288086,0.6051191687583923,-0.0144045238215131,0.0708294702780202,-0.1147970520297917,52.874756244684086,-33.97508079615186
128,331014,331014,0,1686579706,911777973,21.355758666992188,3.6307899951934814,0.594386100769043,0.1003867929689963,0.0576664458955097,-0.1110649188890309,53.092625752416325,-32.891061188405786
129,331015,331015,0,1686579707,920449018,22.44384002685547,3.58169937133789,0.5867705345153809,0.0427717985785642,-0.0016156563040371,-0.0525257523820929,53.18539163185621,-31.805809955674796
130,331016,331016,0,1686579708,929017067,23.455699920654297,3.595907211303711,0.5811029076576233,-0.0139121529768581,-0.0248440074517253,-0.1299081062803698,53.211865179285304,-30.794181689719334
131,331017,331017,0,1686579709,332449913,23.8969669342041,3.6883256435394287,0.583593487739563,-0.0145685663318494,-0.0180462903917713,-0.0155597199131179,53.137113618082225,-30.349574227097328
132,331018,331018,0,1686579710,341099024,24.879919052124023,3.989299774169922,0.5866239070892334,0.0137382165800669,0.0082528089178227,0.0191540376325238,52.87587263186433,-29.355341616979445
133,331019,331019,0,1686579710,946217060,25.379642486572266,4.136905193328857,0.589633047580719,0.0311515411252583,0.008841074531141,-0.0813541610394592,52.74836920374784,-28.85010876258138
134,331020,331020,0,1686579712,156559944,26.39334487915039,3.970839977264404,0.5734076499938965,0.0159756861315022,-0.0351951264935614,-0.1392196708465362,52.95535464761253,-27.843833895000216
135,331021,331021,0,1686579713,770379066,26.97683525085449,3.734609365463257,0.5598546266555786,0.0115094524331479,0.0287241476902528,-0.2500376983545218,53.215036182568255,-27.270253485379637
136,331022,331022,0,1686579713,972121000,26.99908828735352,3.7350242137908936,0.5636759996414185,0.0026251199500428,0.0422619645934871,-0.376987168797233,53.21528875964451,-27.24802284926017
137,331023,331023,0,1686579714,375468016,26.96104049682617,3.776027202606201,0.570099949836731,0.0290457662832114,0.0294473384507535,-0.5476596383110799,53.17250013620882,-27.28442476660198
138,331024,331024,0,1686579715,384072065,27.060760498046875,3.542299509048462,0.5631272792816162,0.075168045102505,0.0657598652586102,-0.435277312805836,53.41002867670083,-27.194151071644022
139,331025,331025,0,1686579715,989212990,27.094709396362305,3.559682607650757,0.5566546320915222,0.0762562842745281,0.0937410754052932,-0.315384494172537,53.39441425432851,-27.15949575281601
140,331026,331026,0,1686579717,804713964,27.17708778381348,3.7939603328704834,0.5793799161911011,0.0874729232715985,0.1202680116674523,-0.2098978539558106,53.16268494311923,-27.06788453964642
141,331027,331027,0,1686579718,611625910,27.278972625732425,4.179801940917969,0.5976009964942932,0.0757693009817818,0.035414170877909,-0.0705968615348834,52.78080138028851,-26.950661651629048
142,331028,331028,0,1686579719,216773987,27.485366821289062,4.5156683921813965,0.6113920211791992,0.007321375133223,0.0441194246934134,0.06621441314438,52.453189894869126,-26.731001799931985
143,331029,331029,0,1686579720,427172899,28.62356185913086,4.88046407699585,0.6042901277542114,-0.0675630109488251,0.0981238427546914,0.0720947745183301,52.135054423926064,-25.579031900840533
144,331030,331030,0,1686579721,234093904,28.96850776672364,5.182768821716309,0.6131255030632019,-0.0826391857151076,-0.0368521880224898,0.1824024669665691,51.84672871584453,-25.222257678529903
145,331031,331031,0,1686579721,839126110,29.080730438232425,5.613020896911621,0.6335278153419495,-0.0385788704884171,-0.0718726722377418,0.3549669129430974,51.42083006282935,-25.09293085902944
146,331032,331032,0,1686579722,242650986,29.08942985534668,5.937423706054688,0.6521003246307373,0.0243594487874368,-0.0691925103189606,0.4992105079077725,51.09650079844084,-25.07128995500934
147,331033,331033,0,1686579722,444343090,29.003332138061523,6.139448642730713,0.6679459810256958,0.0364966880631702,-0.0516399382243315,0.6204394247857898,50.89062831598205,-25.149276050823126
148,331034,331034,0,1686579722,646120071,28.920385360717773,6.379020690917969,0.6856595277786255,0.0034326445227429,-0.0718930535919428,0.7032942877635188,50.64731891125889,-25.22261356721024
149,331035,331035,0,1686579723,49464941,28.68354034423828,6.728959083557129,0.7135252356529236,-0.0025338857241971,-0.0610536917415339,0.7892203474801531,50.287196833273384,-25.445337988288983
150,331036,331036,0,1686579723,452903032,28.48306465148925,7.136796951293945,0.7434548139572144,0.0108352032090833,-0.0773815887948086,0.8666990266880403,49.87064787086965,-25.629405188770875
151,331037,331037,0,1686579724,461540937,28.198963165283203,8.149399757385254,0.8056915402412415,0.0271034330350607,-0.0585794139767379,0.8092357633709288,48.84562614816102,-25.872877271519044
152,331038,331038,0,1686579725,470172882,28.033653259277344,9.18695831298828,0.8659162521362305,-0.0030969186604587,-0.0130512091123803,0.7647469314128472,47.80055953901065,-25.996640877000807
153,331039,331039,0,1686579726,478840113,27.93203353881836,10.335931777954102,0.9300265312194824,0.0241610119857516,-0.0564628752287013,0.7425940883389176,46.6466658290901,-26.052306084352495
154,331040,331040,0,1686579727,487404108,27.636892318725582,11.371700286865234,0.9961771965026855,-0.0382458373803879,-0.1224148424573179,0.742578354740675,45.597869812566366,-26.305898184885116
155,331041,331041,0,1686579728,294229984,27.153270721435547,12.211456298828123,1.06035053730011,0.0168674191237501,-0.0330661695908308,0.7847201455539563,44.73720792591919,-26.75568943032954
156,331042,331042,0,1686579729,302822113,26.75854682922364,13.29430103302002,1.1330816745758057,0.0071815699701653,-0.0202894743554419,0.7047627303653151,43.63710397133675,-27.106924162138867
157,331043,331043,0,1686579730,311423063,26.37066078186035,14.37110424041748,1.196165919303894,0.0197841123557558,-0.0389340116540217,0.7043441900654239,42.54385532974365,-27.451517334240442
158,331044,331044,0,1686579731,320044994,26.1333236694336,15.547219276428224,1.281493902206421,-0.0001720979056114,-0.0197608740907947,0.6772217176473353,41.356255573724155,-27.641811481007004
159,331045,331045,0,1686579731,723479986,26.02620887756348,16.03631591796875,1.315016269683838,0.0040573400449342,-0.0357930038737674,0.7495652636125256,40.86216066837268,-27.729345498735476
160,331046,331046,0,1686579732,732088089,25.70096778869629,17.18025779724121,1.3915581703186035,0.0032477358445161,-0.0593729590784989,0.7769535529912636,39.703658784832896,-28.008717675570512
161,331047,331047,0,1686579733,740748882,25.29324531555176,18.31671905517578,1.471698522567749,0.0353385638305205,-0.0400135014664463,0.8129099317323227,38.549125021931594,-28.37082371430085
162,331048,331048,0,1686579734,749363899,25.042570114135746,19.419919967651367,1.5435000658035278,-0.0110474830020194,-0.066937434378306,0.7846495183590942,37.43450846053172,-28.577304574344893
163,331049,331049,0,1686579735,757901907,24.617565155029297,20.584911346435547,1.6267383098602295,0.009287486583378,-0.0195608806034409,0.7931099912796259,36.25064746811091,-28.955548016978966
164,331050,331050,0,1686579736,766602993,24.28734588623047,21.705137252807617,1.7033904790878296,-0.0049861897061877,-0.0495411025620781,0.7778876858230358,35.11559851983484,-29.240848873440644
165,331051,331051,0,1686579737,573421955,24.033876419067383,22.53740692138672,1.7615842819213867,-0.0255818666311887,0.000247709506666,0.6925629202369444,34.27192020558431,-29.460946350656886
166,331052,331052,0,1686579738,582000971,23.6538314819336,23.629240036010746,1.838926911354065,-0.0203865826853773,-0.0462756547368215,0.6972525436920829,33.163169018984924,-29.797177694805157
167,331053,331053,0,1686579739,590692043,23.392059326171875,24.75413703918457,1.91174066066742,-0.0127523986905821,-0.0239505365396402,0.6950822895520218,32.026409176095015,-30.013879107835173
168,331054,331054,0,1686579739,994046926,23.256128311157227,25.29698944091797,1.948551177978516,-0.0059281325071143,-0.049523287627589,0.7749585999635586,31.47735287304979,-30.12806106215224
169,331055,331055,0,1686579740,800941944,23.01652336120605,26.27011680603028,2.0124380588531494,0.0457952221349999,-0.1375271125635111,0.7800140529403243,30.493387448855955,-30.32867018767062
170,331056,331056,0,1686579741,809731007,22.69401359558105,27.37796401977539,2.087557554244995,-0.0023661109824503,-0.0964895796809023,0.7883048485057981,29.37108232057563,-30.6067575210079
171,331057,331057,0,1686579742,818130016,22.20047187805176,28.4803524017334,2.1716527938842773,0.0112482928035265,-0.0700126381022137,0.7855728656879077,28.24688999266037,-31.056004171803515
172,331058,331058,0,1686579743,625045061,21.83642768859864,29.303525924682617,2.224590301513672,-0.0184049137592529,-0.0975845480002319,0.697587258291115,27.408182415992393,-31.386922605064832
173,331059,331059,0,1686579744,230216980,21.6157341003418,29.919021606445312,2.2808120250701904,-0.0027186759575444,-0.0603406392540653,0.76903877273072,26.78216479271028,-31.582980504814667
174,331060,331060,0,1686579744,835433006,21.45174598693848,30.636701583862305,2.3286752700805664,0.0253975645938608,0.0536464584290967,0.768437212865603,26.056955571989,-31.718223793943
175,331061,331061,0,1686579745,642225027,21.243343353271484,31.55964469909668,2.389179944992065,-0.0034945509439977,0.0045706424998628,0.7015400202055103,25.12448931856101,-31.889656677226192
176,331062,331062,0,1686579746,449199915,20.96619987487793,32.36371994018555,2.4477691650390625,0.0118066870399451,-0.0595833785752479,0.7675890270415696,24.307969967668992,-32.13454495662048
177,331063,331063,0,1686579746,852582932,20.896324157714844,32.76445007324219,2.474435567855835,0.0048880391754153,-0.0533268401392683,0.6918327064834259,23.90390342722315,-32.188388015711936
178,331064,331064,0,1686579747,861150026,20.64989280700684,33.85370635986328,2.5448384284973145,0.0083909557955336,-0.056830898580361,0.6855632393635193,22.803446947383527,-32.39118186793951
179,331065,331065,0,1686579748,466334105,20.42048454284668,34.52522659301758,2.594193696975708,0.0129806555714268,-0.0233057817437661,0.776005120113588,22.12159114673461,-32.593656324248435
180,331066,331066,0,1686579749,71495056,19.974838256835938,35.0416259765625,2.616666793823242,-0.0124192444482149,-0.0787630782888776,0.8634929042632611,21.58740815451187,-33.01828455598118
181,331067,331067,0,1686579749,474935055,19.54387283325196,35.254634857177734,2.689439296722412,-0.0236255388222726,-0.0654853934161816,0.9530005786541,21.35355474533136,-33.440721377360674
182,331068,331068,0,1686579750,80101013,18.885251998901367,35.22325134277344,2.7103612422943115,0.0072866106787577,-0.0738130485043507,0.9866902212243542,21.35741073828067,-34.1001754431316
183,331069,331069,0,1686579750,483541012,18.462196350097656,35.10770034790039,2.75766658782959,0.0136461539738148,0.0244351642257028,-0.9995802907871606,21.453092764254173,-34.527787453538934
184,331070,331070,0,1686579751,492137909,17.48318862915039,34.54611587524414,2.676250457763672,0.0716661092128946,0.0683694075795913,-0.9876351238821608,21.97897963916865,-35.528136687451564
185,331071,331071,0,1686579752,500731945,16.66358757019043,33.975616455078125,2.6989941596984863,-0.0148165845209464,0.1010390107895845,-0.9873213252336764,22.514106301217964,-36.37013478784931
186,331072,331072,0,1686579753,509371042,15.71677303314209,33.53325653076172,2.6798410415649414,-0.0470085944463738,0.0982160764432106,-0.986002903427006,22.918754935063497,-37.333859476460354
187,331073,331073,0,1686579754,518085003,14.833407402038574,33.04709243774414,2.6335904598236084,-0.0313784665603379,0.0943665954428951,-0.9854004672364306,23.37119053738914,-38.23580250024998
188,331074,331074,0,1686579754,921405077,14.418432235717772,32.78153610229492,2.6047346591949463,-0.0158144198196383,0.0829340261432253,-0.9674571131956058,23.621221970679528,-38.660961315707944
189,331075,331075,0,1686579755,930041075,13.677425384521484,32.06378555297852,2.581881046295166,-0.0302192838639849,0.1003890966868135,-0.92203298236437,24.308998270237346,-39.430105765580535
190,331076,331076,0,1686579756,938648939,13.4813871383667,31.16958236694336,2.544331312179565,-0.0026479399333329,0.1003902663554029,-0.8515802384877185,25.195356037123894,-39.66174897661625
191,331077,331077,0,1686579757,342056990,13.589813232421877,30.73794937133789,2.5293493270874023,-0.010827313043254,0.0977773106456465,-0.7725458499781155,25.631111932941533,-39.57069385801883
192,331078,331078,0,1686579757,745640039,13.664224624633787,30.287437438964844,2.505190372467041,0.007044068907576,0.0538413656132808,-0.6882959344766925,26.084874037772153,-39.514335009477314
193,331079,331079,0,1686579758,754180908,13.950660705566406,29.32581329345703,2.436618089675904,-0.0616647683600979,0.1199082318565367,-0.6756311636389839,27.059500740397382,-39.26644517855858
194,331080,331080,0,1686579759,964421988,14.303235054016112,28.21928596496582,2.2979040145874023,0.0091852911394307,0.0546619758611215,-0.7055705472958522,28.185353639094615,-38.95791965793771
195,331081,331081,0,1686579760,973002911,14.570039749145508,27.22545623779297,2.228401899337769,0.0410987778367577,0.0378543925949221,-0.7137436311511473,29.191378088075027,-38.730935493580496
196,331082,331082,0,1686579761,981628895,14.877305030822754,26.259803771972656,2.1602604389190674,0.0084586661852239,0.0411642891804645,-0.6767599667802852,30.17082835123737,-38.46239801160833
197,331083,331083,0,1686579762,990248919,15.252163887023926,25.302526473999023,2.114269256591797,-0.0074277379511848,0.0544144861324685,-0.6757464386532513,31.143340416986014,-38.12610602678446
198,331084,331084,0,1686579763,998939037,15.649518013000488,24.37432098388672,2.0527048110961914,-0.0033734766518394,0.0531214125875229,-0.6867000785250985,32.08864637648615,-37.76608330760267
199,331085,331085,0,1686579765,7486105,15.904115676879885,23.350208282470703,1.9760226011276243,0.017331475511857,0.0203216543574312,-0.7362244336790319,33.12480687779046,-37.55247529889677
200,331086,331086,0,1686579766,16134024,16.00603675842285,22.333555221557617,1.9308555126190183,0.0218539598408391,0.0669625412945544,-0.7834515583471859,34.14562541583183,-37.491289082602165
201,331087,331087,0,1686579766,419557095,15.9813871383667,21.978742599487305,1.9198402166366573,0.0065248766655651,0.070863145615047,-0.8658798509147254,34.49921845355877,-37.53013134782711
202,331088,331088,0,1686579767,226469040,15.53475856781006,21.336334228515625,1.8696492910385127,-0.0346964285002681,0.0420236390329289,-0.93057190157235,35.1251440355842,-38.00196097087161
203,331089,331089,0,1686579767,428155899,15.46257495880127,21.224973678588867,1.9238353967666624,-0.0471295608727746,0.0809077125354897,-0.963272678754358,35.23023046134712,-38.078858907455505
204,331090,331090,0,1686579767,831562042,15.221946716308594,21.08650588989257,1.893781900405884,-0.0357557481453793,0.0717421561332369,-0.9899873202475332,35.36050211311878,-38.324695693876585
205,331091,331091,0,1686579768,234996080,15.00131893157959,21.006023406982425,1.908830523490905,-0.0032201113397066,0.0683430631916567,-0.9976562608575312,35.431127721139006,-38.54846085977766
206,331092,331092,0,1686579768,638434887,14.81169605255127,20.962852478027344,1.9421745538711548,-0.0011332675686529,-0.0674301217794749,0.9823947739994404,35.46471418843413,-38.73984510562702
207,331093,331093,0,1686579769,243587017,14.432258605957031,21.11920738220215,1.921222686767578,-0.0057576747955053,-0.0475973463088272,0.9509965327856582,35.294832191395145,-39.11256651316666
208,331094,331094,0,1686579769,647104979,14.20832347869873,21.32394790649414,1.981244444847107,-0.0101150459645186,-0.0944486029843818,0.8856952961067982,35.078211487285415,-39.32840703716481
209,331095,331095,0,1686579770,252183914,13.901153564453123,21.61699867248535,2.002603054046631,-0.0081179401674926,-0.0700653936997238,0.823393679266232,34.77241006743739,-39.62365144082189
210,331096,331096,0,1686579771,59078932,13.558717727661133,22.175046920776367,2.02516770362854,0.0222965597856502,-0.0462667788768652,0.7610113891788105,34.20078797931812,-39.94347940558676
211,331097,331097,0,1686579772,269479036,13.154221534729004,23.2070369720459,2.0771541595458984,0.0115942570886568,-0.0168004657647472,0.7475369752592768,33.15222026001433,-40.306411441790544
212,331098,331098,0,1686579772,874557972,12.9910306930542,23.78886985778809,2.154826402664185,0.0125395807401633,-0.0247642546900193,0.8119571669564963,32.5608372906663,-40.44648457896505
213,331099,331099,0,1686579773,278175116,12.741941452026367,24.1073055267334,2.1622250080108643,0.004061393608603,-0.0258667854384985,0.8707046140999954,32.23283257014753,-40.682599242111486
214,331100,331100,0,1686579773,681457996,12.455461502075195,24.303003311157227,2.179065704345703,-0.033790274712331,-0.0407872503610001,0.9349827683952447,32.025229661655445,-40.9610623448233
215,331101,331101,0,1686579774,286613941,11.97274112701416,24.31900405883789,2.18642807006836,-0.0331221784529096,-0.0112277921738583,0.9773741400965188,31.989608780833294,-41.442781208819255
216,331102,331102,0,1686579774,891767979,11.513839721679688,24.18844985961914,2.1951980590820312,-0.0339808895766224,-0.0264280213837029,0.9939072632710052,32.101050452473174,-41.90660372679067
217,331103,331103,0,1686579776,102113962,10.51123046875,23.784460067749023,2.222165107727051,0.0060710637341221,-0.0482244132822726,0.9986373900030396,32.46254107251703,-42.9247840733134
218,331104,331104,0,1686579777,312513113,9.417378425598145,23.543535232543945,2.1956567764282227,0.0099376769469065,-0.055481872220909,0.996737667294358,32.66081494802255,-44.02728218046313
219,331105,331105,0,1686579778,321079016,8.34747314453125,23.242876052856445,2.1967811584472656,0.0220090290430862,0.0488226322974218,-0.998467660983366,32.91803738804586,-45.10840618027797
220,331106,331106,0,1686579779,329715967,7.2063493728637695,22.899185180664062,2.2652735710144043,0.0102759589878591,0.0342103638352939,-0.9992848309112876,33.21146388598443,-46.26278675409122
221,331107,331107,0,1686579780,338310003,6.415877819061279,22.731277465820312,2.3319859504699707,-0.0430303546177136,-0.1460385128396907,0.986048098828035,33.34361455557669,-47.05972334588484
222,331108,331108,0,1686579781,346970081,6.278588771820068,22.768028259277344,2.350204467773437,-0.043988114383818,-0.0766660541441871,0.9554030042420972,33.300433201194444,-47.19551981850611
223,331109,331109,0,1686579783,162455082,5.418247699737549,23.12246894836425,2.443063735961914,-0.0172450925061789,-0.1237779862661538,0.97618464871139,32.90722830012727,-48.04139821245209
224,331110,331110,0,1686579783,767534971,5.023123264312744,22.810089111328125,2.482350349426269,0.0146449282530296,-0.0991170476886002,0.9937756179419824,33.20083047691692,-48.4489761700903
225,331111,331111,0,1686579784,171027899,4.7569780349731445,22.606428146362305,2.490170478820801,0.0171223459381692,0.0657904885499372,-0.9935840371487052,33.39293469472829,-48.7231370237935
226,331112,331112,0,1686579785,381261110,3.8426339626312256,21.958147048950195,2.5368587970733643,0.042764984969155,0.0372448180484373,-0.995592166648656,34.00049606340987,-49.66305892495711
227,331113,331113,0,1686579786,389904976,2.9201700687408447,21.53225517272949,2.6055853366851807,0.0618499375000427,0.0909875784612692,-0.981933070825698,34.38462091163072,-50.60226773659752
228,331114,331114,0,1686579787,196805954,2.0290277004241943,21.23951911926269,2.6765851974487305,0.1761553877398588,0.0072923939397036,-0.977985589378766,34.63703435678798,-51.50483682499551
229,331115,331115,0,1686579788,205426931,0.9428123831748962,20.895925521850582,2.7627830505371094,0.1280399144438329,0.0377536068018761,-0.9907993288820022,34.93153098937012,-52.604446416511095
230,331116,331116,0,1686579789,214051008,-0.1939481049776077,20.58135032653809,2.854463577270508,0.0599803451980211,0.0457060922471156,-0.9967125112182385,35.19475039979101,-53.75342198983593
231,331117,331117,0,1686579790,222565889,-1.3420987129211426,20.34040641784668,2.9497759342193604,-0.0778016977757276,-0.1270552127099466,0.9888393590014936,35.383856322876454,-54.91083610704567
232,331118,331118,0,1686579791,29472113,-2.306572198867798,19.98471641540528,3.024845123291016,0.0933331211287817,0.0747071832635608,-0.988204483532896,35.695912279493314,-55.88923037043805
233,331119,331119,0,1686579792,38155079,-3.322791337966919,19.646141052246094,3.1049063205718994,0.1377807755223097,0.0969404620867967,-0.974125333528278,35.988545959724334,-56.91866628772414
234,331120,331120,0,1686579793,46674013,-4.490336418151856,19.231035232543945,3.195124626159668,0.1891731500800617,0.0867587537381529,-0.9629746306276205,36.35090642841456,-58.1024371089792
235,331121,331121,0,1686579794,55284977,-5.610255718231201,18.869808197021484,3.282914161682129,0.1836813721649492,0.086993068852499,-0.9663099151039029,36.6615583691561,-59.236440874579635
236,331122,331122,0,1686579795,63879967,-6.633378982543945,18.347484588623047,3.35621976852417,0.1653360748976382,0.0269253988257583,-0.9565910880113524,37.13760285490869,-60.28013004340204
237,331123,331123,0,1686579795,669064999,-7.087445259094238,17.881479263305664,3.382412433624268,0.1517590873775656,-0.0150525840742827,-0.921341375433472,37.582859020924225,-60.75270994271796
238,331124,331124,0,1686579795,870783091,-7.207562446594238,17.681903839111328,3.389566421508789,0.1246977589938946,-0.0415448550506873,-0.8829471925800688,37.77674494481829,-60.88079514145107
239,331125,331125,0,1686579796,72489977,-7.229712009429932,17.495725631713867,3.388624906539917,0.1298062251591113,-0.0508104420366612,-0.8305743130682323,37.961637051520356,-60.910410581865705
240,331126,331126,0,1686579796,677654028,-7.243247985839844,16.924222946166992,3.414726972579956,0.0681498544473115,-0.0691160047058842,-0.7616997324416175,38.52969025898194,-60.94706651302354
241,331127,331127,0,1686579797,81075907,-7.166722774505615,16.492860794067383,3.400429010391236,0.0733451297627226,-0.0564048812846835,-0.6891348627466763,38.96386538313271,-60.88787880483071
242,331128,331128,0,1686579798,89764118,-6.853061199188232,15.545937538146973,3.446089267730713,0.1502888552173612,-0.0473806578684328,-0.6698169806610579,39.91832634312818,-60.61281478473954
243,331129,331129,0,1686579799,98375082,-6.570495128631592,14.509316444396973,3.4825515747070312,0.1778096902963092,0.001213281630549,-0.6817502034113839,40.961555810760615,-60.37237890576042
244,331130,331130,0,1686579800,106904030,-6.316074371337891,13.405763626098633,3.6281135082244873,0.112175558758014,-0.0599642919457841,-0.6460246887337054,42.064140988302,-60.16334991284049
245,331131,331131,0,1686579800,308634996,-6.333923816680908,13.226057052612305,2.3227128982543945,0.0919889404880891,-0.1133856931690613,-0.5928322632256484,42.317954806180616,-60.18132585821583
246,331132,331132,0,1686579800,913887024,-6.088635444641113,12.57238483428955,2.265364170074463,0.0643817771791806,-0.0660161718595874,-0.684438798870768,42.983100101770845,-59.962223022948855
247,331133,331133,0,1686579801,720717907,-5.6092634201049805,11.674758911132812,1.8415027856826784,0.0075845390788808,-0.0237246199904088,-0.6516017864994788,43.92205739617598,-59.51705280039787
248,331134,331134,0,1686579801,922405005,-5.536086082458496,11.684523582458496,0.2165858149528503,0.0032835598142255,-0.0645377289604952,-0.6370865587213125,44.008914109119914,-59.4347204504078
249,331135,331135,0,1686579802,729401112,-5.140292167663574,10.69796371459961,0.0990722626447677,0.1072188546246082,-0.0629894183455804,-0.6583404920951883,45.01559442967161,-59.07830025514643
250,331136,331136,0,1686579803,738017082,-4.756792068481445,9.590811729431152,-0.0330201089382171,0.1061729539779868,-0.0753672300474229,-0.6617308055647425,46.14292098940404,-58.738935551633006
251,331137,331137,0,1686579804,746578932,-4.280445575714111,8.560302734375,-0.1576330363750457,-0.0164730909758893,-0.0424286276462248,-0.6798155936998574,47.197061461061224,-58.30375852681119
252,331138,331138,0,1686579805,755135059,-4.053724765777588,7.477884769439697,0.1028860732913017,-0.1857469878312699,0.0164888218974366,-0.6574505198510385,48.270832354582936,-58.12218063989371
253,331139,331139,0,1686579806,360321999,-3.768545627593994,6.793311595916748,0.2750871479511261,-0.1244311277004254,0.020040699366482,-0.5697444786304934,48.95515790298046,-57.86570928920381
254,331140,331140,0,1686579806,561979055,-3.5718002319335938,6.573045253753662,0.3871007859706878,-0.1083951066532477,0.0255964053534305,-0.4848358941693083,49.176264446343296,-57.67859470348389
255,331141,331141,0,1686579807,368911028,-2.790377616882324,5.94071102142334,0.3045644164085388,-0.1106792378530374,0.045628563997675,-0.3184137578390244,49.842939770245025,-56.922804378887825
256,331142,331142,0,1686579808,377626896,-1.829447865486145,5.6476664543151855,0.3854634165763855,-0.174663923303014,0.0083067282577682,-0.3668065939598621,50.16888998281629,-55.97489389739478
257,331143,331143,0,1686579809,386075020,-0.8644893169403076,5.017909526824951,0.4228860139846802,-0.0743563035484648,0.0313105159761563,-0.4481438856606398,50.83339171234687,-55.03626654599807
258,331144,331144,0,1686579810,394763947,-0.0762194544076919,4.289493083953857,0.4885937571525574,-0.0327504572450762,0.0518610697919362,-0.5248506779452753,51.58763910758081,-54.278304535549104
259,331145,331145,0,1686579811,403290033,0.7603892087936401,3.499927043914795,0.4634749591350555,-0.0295773123734636,0.0305237189626288,-0.5735132551508051,52.41004833336166,-53.47401023483811
260,331146,331146,0,1686579812,411921978,1.3870036602020264,2.582597255706787,0.3734536468982696,-0.0330435173837092,0.0520938883081049,-0.6451891141050383,53.355281321031924,-52.88432414039732
261,331147,331147,0,1686579813,420506001,1.761410117149353,1.624912142753601,0.2821852266788482,-0.0815353346405446,0.0684930749013586,-0.6865431817650738,54.33079254442969,-52.54825475297567
262,331148,331148,0,1686579814,429097891,1.8152881860733032,0.4766899943351745,0.1884167492389679,-0.0570808224453047,-0.0310432636811881,-0.7466062332117722,55.48374430466124,-52.54010059818189
263,331149,331149,0,1686579815,34308910,1.8543003797531128,-0.2524953782558441,0.123407743871212,-0.0635625011120887,-0.0417992928917475,-0.653372307463658,56.21643920664525,-52.530099954580265
264,331150,331150,0,1686579816,42880058,2.072023868560791,-1.4612046480178833,0.0110771199688315,-0.0469303485748017,-0.0330758120170009,-0.6233309249269962,57.43732829096283,-52.36056779788731
265,331151,331151,0,1686579817,51474094,2.568199396133423,-2.521434783935547,0.117128700017929,-0.05677187700421,-0.0440047884845023,-0.5791548931515137,58.50860843383944,-51.90802604788644
266,331152,331152,0,1686579817,454922915,2.745447158813477,-2.9227418899536133,0.1030470132827758,-0.0659677122476241,-0.0215799774661561,-0.6706116942605579,58.91680344700554,-51.74699097279108
267,331153,331153,0,1686579818,463509083,3.0751760005950928,-4.0531392097473145,0.0016131974989548,-0.1094219375715531,-0.0227532575350288,-0.6530442843376175,60.063407994799825,-51.462454744051854
268,331154,331154,0,1686579819,472136021,3.331744909286499,-5.241551399230957,-0.0395219922065734,-0.0804344740601474,-0.0517591793344374,-0.6582333800726584,61.26149314825266,-51.253679264726095
269,331155,331155,0,1686579820,480766058,3.562936305999756,-6.394554615020752,-0.0791693851351738,-0.0281010293018595,-0.0204279176945705,-0.6807486150089881,62.42315939698097,-51.06884409152707
270,331156,331156,0,1686579821,489327908,3.79180359840393,-7.474588871002197,-0.0540225245058536,-0.0508949693942912,-0.0376681053953152,-0.6996135610819003,63.50820790906222,-50.883747644275104
271,331157,331157,0,1686579822,497936964,4.149048328399658,-8.497221946716309,-0.0196624845266342,-0.1340197265360099,-0.0476003891966026,-0.7375155856984034,64.54058068440766,-50.56812055324118
272,331158,331158,0,1686579822,901376009,4.200407981872559,-8.972040176391602,0.0306920390576124,-0.127467604779926,-0.0428187413245387,-0.8155679750566815,65.0133748440077,-50.53617676828516
273,331159,331159,0,1686579823,708317995,4.164286136627197,-9.91602611541748,-0.0193394813686609,-0.1166528683761679,-0.0414944610861765,-0.8789918019568669,65.95648477559192,-50.60997017554356
274,331160,331160,0,1686579824,716921091,4.11051607131958,-10.97026538848877,0.1311070322990417,-0.0733525550829983,-0.027154919865567,-0.915700443814606,66.99731553708841,-50.70692083243415
275,331161,331161,0,1686579825,120335102,3.879438161849976,-11.301812171936035,0.1638886332511901,-0.0334598561842597,-0.0394273641303441,-0.9621670707626933,67.31694934606114,-50.95132315819235
276,331162,331162,0,1686579825,725490093,3.318246364593506,-11.749211311340332,0.2444768846035003,0.0585220734867172,-0.0565546796505458,-0.9875550047874924,67.73624036023168,-51.530487176088194
277,331163,331163,0,1686579826,128917933,3.043575525283813,-11.727832794189451,0.21161450445652,0.0963443986341296,-0.0831830661991621,-0.9918598669972944,67.70586418711193,-51.803893240573565
278,331164,331164,0,1686579826,935796022,2.3401801586151123,-11.662484169006348,0.2320649474859237,-0.1055962423280753,0.0105096278246368,0.9836618568662636,67.61146893877097,-52.504191209900554
279,331165,331165,0,1686579827,944447041,1.4894405603408811,-11.472686767578123,-0.2740894854068756,-0.1247226756294943,-0.0446659245676781,0.964305629586446,67.41742006693133,-53.34384665969475
280,331166,331166,0,1686579828,549582005,0.8727868795394897,-11.591197967529297,-0.3187329769134521,-0.1134493619293389,-0.0511205593597496,0.9843309220955234,67.5136418301633,-53.96451698699516
281,331167,331167,0,1686579829,558223009,-0.0866496115922927,-11.827835083007812,-0.4120464324951172,-0.0962221780677671,-0.0415388111774203,0.9943865862621794,67.71684612181076,-54.93217512242025
282,331168,331168,0,1686579830,566788912,-1.113315463066101,-12.142602920532228,-0.4910463988780975,-0.0794000695980213,-0.0744702081370198,0.9938217274379318,67.99448491044375,-55.97022782935993
283,331169,331169,0,1686579831,575383902,-2.1321542263031006,-12.33821964263916,-0.5032440423965454,-0.078236011484444,-0.0608201607796254,0.994674797959357,68.14972608652812,-56.99602960548191
284,331170,331170,0,1686579832,583998919,-3.2520201206207275,-12.728062629699709,-0.5131949186325073,0.022031083249836,0.0619084748574855,-0.9978374972529878,68.49456078012047,-58.130600436764944
285,331171,331171,0,1686579832,987464905,-3.700541496276856,-12.86661148071289,-0.4911190867424011,0.0485085882587774,0.0416039734398661,-0.9803348284948136,68.61362393723488,-58.58444531875685
286,331172,331172,0,1686579833,996093988,-4.404778480529785,-13.69752311706543,-0.5099161267280579,0.054367193814253,0.0460410101707936,-0.9354626774232778,69.41551437592081,-59.32142427293769
287,331173,331173,0,1686579834,802932978,-4.719096660614014,-14.41645622253418,-0.4934046268463135,-0.0086655974399065,0.0580165623086915,-0.865341177774693,70.11920311585516,-59.664493012281156
288,331174,331174,0,1686579835,4698038,-4.746720790863037,-14.628251075744627,-0.4915377497673034,0.0342656564002028,0.0755652934761218,-0.810540999609986,70.32926882251195,-59.70062421710425
289,331175,331175,0,1686579835,811539888,-4.537312030792236,-15.43893337249756,-0.5050795674324036,0.0140600412197687,0.0839220755197484,-0.7365036603006793,71.14708282872878,-59.52392519500937
290,331176,331176,0,1686579836,820164919,-4.187778472900391,-16.45261001586914,-0.5065995454788208,0.0361373786016138,0.0683532588927593,-0.7221586557566152,72.17228251993772,-59.21544782611047
291,331177,331177,0,1686579837,828742027,-3.823574066162109,-17.55023956298828,-0.3860912322998047,0.0449088355386676,0.0500592585659499,-0.6959124507611166,73.27477797072525,-58.89635136232946
292,331178,331178,0,1686579838,837387085,-3.459266424179077,-18.66343116760254,-0.4979304671287536,-0.0042555157994966,0.0589483921565846,-0.6855665453359578,74.40619687959313,-58.576516214395625
293,331179,331179,0,1686579839,845959902,-3.1290154457092285,-19.79755592346192,-0.4355754256248474,-0.0197585631139483,0.0233677378310686,-0.6889847021990814,75.54709757171086,-58.29249751548441
294,331180,331180,0,1686579840,854620934,-2.905750036239624,-20.9659423828125,-0.4795949459075928,0.0211571582298879,0.0312989262590574,-0.7338479391409488,76.7240454776826,-58.11617686835693
295,331181,331181,0,1686579841,661468029,-2.627507448196411,-21.98974609375,-0.4447321891784668,0.0232453212124085,0.0067801431322277,-0.7082879714604495,77.75440901932738,-57.87953662911173
296,331182,331182,0,1686579842,468395948,-2.368875026702881,-22.96171760559082,-0.4779738187789917,0.0376330222986053,-0.0067748242744415,-0.6396070323051387,78.73621282901652,-57.66003560714246
297,331183,331183,0,1686579843,476974010,-2.132534980773926,-24.10717964172364,-0.5005919337272644,0.036938965667258,0.0092439791413616,-0.6592957379598763,79.88957980925737,-57.46984513578374
298,331184,331184,0,1686579844,485532045,-1.8898091316223145,-25.29370307922364,-0.5036060810089111,0.0792476701140454,0.0434726373194392,-0.681925214038326,81.08303145341182,-57.27503230897247
299,331185,331185,0,1686579845,494157076,-1.6017590761184692,-26.41395378112793,-0.5041183233261108,0.0749129147458734,0.0320274649982736,-0.6348912409286447,82.2120351134944,-57.03228031290119
300,331186,331186,0,1686579846,502799034,-1.22900390625,-27.540502548217773,-0.5044673085212708,0.0700111928159679,0.0141960921306457,-0.5848907997004822,83.35068719475707,-56.705147246207815
301,331187,331187,0,1686579847,511362076,-0.836029052734375,-28.643205642700195,-0.5106934309005737,0.0647728915077474,0.0315427480269395,-0.5972166959237422,84.46669676763108,-56.356820028831734
302,331188,331188,0,1686579848,519952059,-0.168681263923645,-29.43401908874512,-0.4964817464351654,0.0604333310596579,0.0246781449414645,-0.4734638321985125,85.28133825145912,-55.721910829780214
303,331189,331189,0,1686579848,923403978,0.1752126216888427,-29.48862075805664,-0.4891171753406524,0.0178846210777702,0.0182236713983091,-0.3829037104735301,85.34908425155078,-55.38053677003346
304,331190,331190,0,1686579849,326848030,0.6462610960006714,-29.51241111755371,-0.4143050909042358,-0.0014688935147799,-0.0059161643913496,-0.2267031204682518,85.38727288890797,-54.911239702093866
305,331191,331191,0,1686579849,932007074,1.3169859647750854,-29.38874053955078,-0.3878386318683624,-0.0514898846328554,0.0069988137677423,-0.1047695365688555,85.28910697648809,-54.23623651490688
306,331192,331192,0,1686579850,940664053,2.381096363067627,-29.105091094970703,-0.391552984714508,-0.0648841980946565,0.0205523901227368,-0.0448126967588787,85.04877085749156,-53.16157279690876
307,331193,331193,0,1686579851,949249029,3.371201515197754,-28.80154037475586,-0.422164112329483,-0.0105833761812014,0.0334193736447006,-0.080697827118616,84.787184183734,-52.159906743746134
308,331194,331194,0,1686579852,957876921,4.373918056488037,-28.50942039489746,-0.4842217564582824,0.031945529791504,0.072893326673211,-0.0467469288538746,84.53931565976458,-51.14592877091814
309,331195,331195,0,1686579853,966475010,5.448355674743652,-28.20507431030273,-0.5188018679618835,-0.0384923087763922,0.0664091320718099,0.0157294772108346,84.28052480682433,-50.05994621034321
310,331196,331196,0,1686579854,975035906,6.491390705108643,-27.956737518310547,-0.4112524092197418,-0.0406134694716236,0.0588947653006133,0.0031371364303757,84.06816001756717,-49.00836509476587
311,331197,331197,0,1686579855,378487110,6.84827184677124,-27.92539978027344,-0.3652999103069305,-0.0495696906619909,0.0018909758363049,-0.1112711406861975,84.04847071488031,-48.65076697965703
312,331198,331198,0,1686579856,387099028,7.96061897277832,-28.018207550048828,-0.2087674140930175,-0.0199014094006861,-0.0661792421278445,-0.2126193352563292,84.17634952529369,-47.54391980058932
313,331199,331199,0,1686579857,193967104,8.711616516113281,-28.36161994934082,-0.2346177697181701,0.0164694271771163,-0.0263657431513336,-0.3158280263637094,84.55033295932957,-46.807215019707606
314,331200,331200,0,1686579857,597414017,9.014549255371094,-28.6039981842041,-0.2134102433919906,-0.0176022739266657,0.005209679013472,-0.4655942235460957,84.80296353658727,-46.514397048794116
315,331201,331201,0,1686579858,807792902,9.692614555358888,-29.578777313232425,-0.1991504579782486,0.0749757978428999,0.0221243032906386,-0.5187825943916369,85.8015426466144,-45.876179675326746
316,331202,331202,0,1686579859,211186886,10.005728721618652,-29.902076721191406,-0.1197184845805168,0.0527365934239147,0.0373883734252768,-0.4245200418794775,86.1319443050439,-45.576759951846284
317,331203,331203,0,1686579859,816375971,10.519824981689451,-30.18552017211914,-0.1473950743675232,0.0275970287153102,0.0268025514505258,-0.3074869066394724,86.43677170151423,-45.074338971923986
318,331204,331204,0,1686579860,219769001,10.920973777770996,-30.2724609375,-0.127940759062767,0.0163079758770863,0.0373419722482968,-0.1940040631708454,86.53836171235862,-44.67712370946787
319,331205,331205,0,1686579861,26719093,11.807265281677246,-30.215919494628903,-0.0609814636409282,-0.0043117709197286,0.0375951202940118,-0.0628660237428204,86.51341504551608,-43.7896517548753
320,331206,331206,0,1686579861,430130959,12.207759857177734,-30.11697578430176,-0.0534250363707542,-0.0087917855068,0.0312979032961584,0.0379011255323724,86.43023752528657,-43.3855481454661
321,331207,331207,0,1686579862,237075090,12.807848930358888,-29.691600799560547,-0.121613323688507,-0.0174705839978097,0.0128858105345264,0.141685699860237,86.03375155956081,-42.76847218321252
322,331208,331208,0,1686579862,640435934,13.123114585876465,-29.44013023376465,-0.1118282601237297,-0.0180291434479783,0.0185614550294317,0.2420096763279701,85.79489761154235,-42.44340377474786
323,331209,331209,0,1686579863,245609999,13.317593574523926,-29.00226783752441,-0.0667226165533065,-0.0282774260734551,0.0096241786046054,0.3496219424017374,85.36326080385567,-42.23171642288709
324,331210,331210,0,1686579865,666243076,13.43000030517578,-28.277389526367188,0.0341707654297351,-0.0879184589466653,0.0607242028162995,0.4716061556723676,84.63882713509192,-42.09079102646581
325,331211,331211,0,1686579867,481780052,13.409372329711914,-28.82807159423828,-0.0509641021490097,-0.112646320557116,-0.0690653105641974,0.6006399390195107,85.19224147599829,-42.13309161356359
326,331212,331212,0,1686579870,305931091,12.88693141937256,-27.822940826416016,-0.1989625096321106,-0.0151220279577145,-0.1247788678136964,0.696822651307067,84.17729698381108,-42.61386578721754
327,331213,331213,0,1686579871,717900991,12.777837753295898,-27.2773380279541,-0.1841780096292495,-0.0873410799629959,-0.1002982171273595,0.6135319736267759,83.62783630551087,-42.70100228185637
328,331214,331214,0,1686579874,138544083,12.703741073608398,-26.110668182373047,-0.1788425892591476,-0.1358952934181495,-0.0295729896159019,0.6845752078831309,82.46077499324745,-42.728136153760104
329,331215,331215,0,1686579875,348859072,12.722135543823242,-24.98462104797364,-0.2530072331428528,-0.0593473885563401,-0.0187147845510062,0.685961554430655,81.34250543563716,-42.66405755298031
330,331216,331216,0,1686579876,559179068,12.559313774108888,-23.826221466064453,-0.1470040380954742,-0.0541799870441537,-0.0440020496631347,0.6806977489223568,80.1743548055953,-42.78072265131243
331,331217,331217,0,1686579877,567785978,12.259072303771973,-22.862268447875977,-0.1158382296562194,-0.1140671596896695,-0.0804865659614331,0.7172676228691633,79.19901145020677,-43.04210971278971
332,331218,331218,0,1686579878,576421022,11.996454238891602,-21.821264266967773,-0.1217850521206855,-0.0894993037703066,-0.0230351984293388,0.7445992709633499,78.1504452315748,-43.26260339587651
333,331219,331219,0,1686579879,181567907,11.81602668762207,-21.26646614074707,-0.039029587060213,-0.1125638473166072,-0.0864920004154033,0.6680056442395721,77.58505065058279,-43.421014142417036
334,331220,331220,0,1686579880,190181017,11.626230239868164,-20.14773750305176,-0.0572224222123622,-0.0975456374442425,-0.0167377564949431,0.6792364537919828,76.46255884017779,-43.56555317400972
335,331221,331221,0,1686579881,400496006,11.329431533813477,-19.04450798034668,0.000866585818585,-0.0793364759996283,-0.1002708500192597,0.6451036967810876,75.34686642025926,-43.81804392241847
336,331222,331222,0,1686579881,803940058,11.149062156677246,-18.64179229736328,0.0242119114845991,-0.0553497452637415,-0.0568437714961445,0.7379999548477026,74.93660782897325,-43.98219167471489
337,331223,331223,0,1686579882,812541008,10.830778121948242,-17.646183013916016,-0.0194718036800622,-0.1073244814056662,-0.0237088931475696,0.7824342129486797,73.93328240807185,-44.259926621778604
338,331224,331224,0,1686579884,22878885,10.551945686340332,-16.59296226501465,0.0167441628873348,-0.0860166399315225,-0.030040081895601,0.7536323881546625,72.86945274971735,-44.49635881007885
339,331225,331225,0,1686579885,233192921,10.232394218444824,-15.58640193939209,0.0077627510763704,-0.0616278439446264,-0.0835955865108816,0.7466270783872976,71.85315201546274,-44.775108043790716
340,331226,331226,0,1686579886,443531990,9.950399398803713,-14.51703643798828,0.1184639111161232,-0.0930002082801181,0.0008418516235878,0.7557128552441916,70.7687969895422,-45.01445498674148
341,331227,331227,0,1686579887,653846025,9.734922409057615,-13.399535179138184,0.1211041808128357,-0.0300944678259091,-0.0295952291201969,0.7194747044522638,69.64530515188936,-45.18481588226464
342,331228,331228,0,1686579888,662451982,9.391615867614746,-12.30994701385498,0.1603346168994903,-0.0133288898043834,-0.0633937974638026,0.7081064642826271,68.54245459899188,-45.484222483537565
343,331229,331229,0,1686579889,671067953,9.121718406677246,-11.268487930297852,0.1472770869731903,-0.0287967615819396,-0.0230977392337941,0.6942268862500033,67.49355448751852,-45.71193265657239
344,331230,331230,0,1686579890,679672956,8.84814739227295,-10.225679397583008,0.215493306517601,-0.0455349546463794,-0.0691403494890255,0.684976258418394,66.43847618248215,-45.94370035005958
345,331231,331231,0,1686579891,688261986,8.560379028320312,-9.18027114868164,0.2732751369476318,-0.091870677246121,-0.0615396489366136,0.6775058704597239,65.38084040486514,-46.1894924617941
346,331232,331232,0,1686579893,100331068,8.321267127990723,-8.187926292419434,0.2746830582618713,-0.0297938472967887,-0.0339504993678886,0.6892790755801799,64.38132649368305,-46.38849666612924
347,331233,331233,0,1686579894,310658932,7.986059188842773,-7.1432085037231445,0.3057746887207031,-0.0831436650238696,-0.0548278657968888,0.6750851292454644,63.32402792062604,-46.681572115076726
348,331234,331234,0,1686579895,319288969,7.8792195320129395,-6.112054824829102,0.3423165380954742,-0.0522633767610179,-0.0700740431686629,0.6551292566141077,62.28904570014129,-46.74704271710709
349,331235,331235,0,1686579896,529572964,7.570050716400146,-4.911687850952148,0.3658024072647095,-0.0776154266432851,-0.0788267206903405,0.7285519643421923,61.07795674063861,-47.00779802983864
350,331236,331236,0,1686579897,538265944,7.234907627105713,-3.9120683670043945,0.3925820291042328,-0.102854905016435,-0.07718700941567,0.6930810868775531,60.06589676665878,-47.30259940422981
351,331237,331237,0,1686579898,546834946,7.097497463226318,-2.86580753326416,0.4819696545600891,-0.0456622323688054,-0.0975910681656406,0.7326787354148648,59.01157966943518,-47.39829454230882
352,331238,331238,0,1686579899,555480957,6.782954692840576,-1.7782083749771118,0.4656316936016083,-0.0810802350419639,-0.1014445456604298,0.701319789824001,57.91506307536081,-47.668739378553674
353,331239,331239,0,1686579900,564042091,6.612266540527344,-0.7270045280456543,0.5149707198143005,-0.1022030109660381,-0.0692080473621598,0.6603102472862956,56.8567980124358,-47.79726879535501
354,331240,331240,0,1686579901,370887041,6.5759596824646,0.0651509463787078,0.5168735980987549,-0.0890006199685664,-0.0465678086996342,0.531672276851469,56.06503390559059,-47.80169064799003
355,331241,331241,0,1686579901,774327040,6.674861431121826,0.4349091947078705,0.5846289992332458,-0.0883605634917115,-0.035244090721476,0.4405919937392876,55.69621948194542,-47.68836431515077
356,331242,331242,0,1686579902,581197977,6.929126739501953,1.1078166961669922,0.660454511642456,-0.0529602407725016,0.0225516460299244,0.3212357540745069,55.03072672880266,-47.40765173650527
357,331243,331243,0,1686579903,791542053,7.678858280181885,1.976234674453736,0.6949347853660583,-0.0861454140241345,-0.0127172684158391,0.2989545693824059,54.19233081097964,-46.62379213480176
358,331244,331244,0,1686579904,194977999,8.039280891418457,2.322772979736328,0.7034521102905273,-0.0768276838263105,-0.0363439679553299,0.4159064760207293,53.86051534493629,-46.249772888543546
359,331245,331245,0,1686579905,203608990,8.781786918640137,3.0630929470062256,0.7085957527160645,-0.0762563738472619,-0.0402526301114346,0.4548322529153714,53.15130589460803,-45.47812645927368
360,331246,331246,0,1686579906,212260008,9.367369651794434,3.9759130477905273,0.7355155944824219,-0.0283141611439503,-0.0244117351438772,0.5808533808171318,52.26251205880612,-44.856453202489675
361,331247,331247,0,1686579906,817337036,9.251097679138184,4.643420696258545,0.7330855131149292,-0.0682354064639339,-0.0147820463770904,0.6671185764663295,51.59215271606729,-44.94576485025168
362,331248,331248,0,1686579907,220784903,9.13935661315918,5.062992095947266,0.7162074446678162,-0.0723089645031185,-0.0342580758789514,0.7414153716406776,51.170133496576995,-45.040444416120955
363,331249,331249,0,1686579907,624248028,8.84284496307373,5.438976287841797,0.7019273042678833,-0.0785497323783387,-0.040537090675787,0.8163624845382733,50.78408195710514,-45.321509740569496
364,331250,331250,0,1686579908,632857084,8.100309371948242,6.26930046081543,0.6978093385696411,-0.0560099039411172,-0.0822924312775173,0.888486403299993,49.926448946734894,-46.03001021281794
365,331251,331251,0,1686579909,439716101,7.338415145874023,6.759389400482178,0.6946740746498108,-0.0645075599131597,-0.094263666890987,0.931359432574562,49.407386538014244,-46.77154507604383
366,331252,331252,0,1686579909,843226910,6.898078918457031,7.013813495635986,0.6782850623130798,-0.0621485320964871,-0.082656075182997,0.9641343105548372,49.136986784943936,-47.20119489643784
367,331253,331253,0,1686579910,448390007,6.257909774780273,7.013069152832031,0.6636533737182617,-0.0236769278304253,-0.0836463914560827,0.9917989335955372,49.11306396680883,-47.84078694140762
368,331254,331254,0,1686579911,255224943,5.442542552947998,6.813902378082275,0.6538119316101074,0.0211138359932577,0.109623511556662,-0.9936850439551008,49.2798183778263,-48.6634404661501
369,331255,331255,0,1686579911,658652067,5.030108451843262,6.570864200592041,0.6250670552253723,0.0215468900553866,0.1334821589577318,-0.9821788779834142,49.50748188110202,-49.08515509267081
370,331256,331256,0,1686579912,667299986,4.117685317993164,5.9458417892456055,0.6275942921638489,0.0778193650593296,0.0918360761483153,-0.97157720594903,50.094464319748376,-50.02198225597645
371,331257,331257,0,1686579913,675859928,3.193678379058838,5.464076519012451,0.5013688206672668,0.0494696864960794,0.117823978129195,-0.9811476040619158,50.545503275301655,-50.963921919339235
372,331258,331258,0,1686579914,684555054,2.2874464988708496,4.858766078948975,0.4395669400691986,0.0838870448600629,0.1047441541439357,-0.9775701468838754,51.11677768697357,-51.89342071707584
373,331259,331259,0,1686579915,491373062,1.6603808403015137,4.259803771972656,0.4773733913898468,0.0778801915626992,0.0786066524878355,-0.9572025719205564,51.68710081571537,-52.544268833527624
374,331260,331260,0,1686579916,96575022,1.2646119594573977,3.66156268119812,0.4545685648918152,0.0783040273489525,0.0816836703953334,-0.9152289808621872,52.2694154374815,-52.9636526941277
375,331261,331261,0,1686579917,105236053,0.8829091191291809,2.697497129440308,0.3754988610744476,0.0539854551472113,0.0736420192517658,-0.8983698587395875,53.220459344413136,-53.38339234791155
376,331262,331262,0,1686579918,113792896,0.5345654487609863,1.7522335052490234,0.287105530500412,0.0741929549812538,0.0713793755083975,-0.9221187592332092,54.15461435748842,-53.76899337161769
377,331263,331263,0,1686579919,324055910,0.2340286970138549,0.5960049033164978,0.1885229498147964,0.0839079952313159,0.0845307413662848,-0.9283246921556138,55.30170802474374,-54.11525787626468
378,331264,331264,0,1686579920,534373045,-0.0421898663043975,-0.29889115691185,0.0880944728851318,0.078309512058623,0.0472210405046859,-0.9735613801534982,56.189187161143984,-54.42670179361945
379,331265,331265,0,1686579920,736140013,-0.0396872870624065,-0.3889665603637695,0.1024504974484443,0.0155996517081635,0.0772619426729784,-0.9906431095500048,56.278313133486236,-54.427902615621186
380,331266,331266,0,1686579924,367132902,-0.1219960302114486,-1.002371072769165,-0.4483773708343506,0.0050457131771023,0.1016115742362866,-0.9701903428461492,56.918686528756155,-54.531827730981334
381,331267,331267,0,1686579927,796379089,-0.1110781207680702,-0.8071285486221313,0.0926395207643508,0.0152255477840088,0.0713029102226499,-0.9902752486582196,56.69316783513187,-54.51600241652594
382,331268,331268,0,1686579928,805008888,-0.0550570711493492,-0.7312469482421875,0.0103572476655244,-0.0542467895548112,-0.0799181127422838,0.995309972869977,56.62444892046811,-54.45652835385734
383,331269,331269,0,1686579929,208431959,-0.1073652356863021,-0.6750693917274475,-0.0625511705875396,-0.0700866541877323,-0.0878956366306245,0.9819548784060236,56.57052856210795,-54.50613774006858
384,331270,331270,0,1686579929,611808062,-0.1627254635095596,-0.6318545937538147,-0.3406890630722046,-0.1077448950310294,-0.0853243560132888,0.9555708266309542,56.54124958415639,-54.55820381849139
385,331271,331271,0,1686579932,32520056,-0.1326877623796463,-0.5609180927276611,-0.5098776817321777,-0.026589769248671,-0.0285888425730465,0.987339933745546,56.481438666630375,-54.52441875255761
