,Unnamed: 0,seq,secs,nsecs,p_x,p_y,p_z,o_x,o_y,o_z
314321,314321,0,1686580836,953205109,-13.710189819335938,-16.671785354614258,-0.3671156466007232,0.1229405144394061,-0.1732094815751138,-0.8054922766922039
314324,314324,0,1686580839,373864889,-14.64892578125,-19.32715606689453,-0.3005787134170532,0.1431876341958127,-0.1808219336807874,-0.7899397942268535
314329,314329,0,1686580842,803128958,-16.153663635253906,-23.15492820739746,-0.3001439869403839,0.0966535932491573,-0.105524558814139,-0.8829233476550326
315482,315482,0,1686580805,484724045,0.0005255758878774,9.58529199124314e-05,-0.0002691036497708,-0.1410993473689231,0.0330113012578124,0.5497787444396391
315483,315483,0,1686580806,896785975,0.0241423714905977,0.1669457256793975,-0.0675643905997276,-0.1942616703641988,-0.0069157968909487,0.6542144683424898
315484,315484,0,1686580812,343235016,-0.2775653004646301,0.2577443718910217,0.1114202439785003,-0.2119041945871316,-0.0496034860966054,0.7811522829042449
315485,315485,0,1686580812,544970989,-0.2799810171127319,0.3405560851097107,0.0353887490928173,-0.2208381566561183,-0.011481654740892,0.8777252621687853
315486,315486,0,1686580812,948457956,-0.2623665332794189,0.3667349815368652,0.0470931380987167,-0.2065947314506152,0.0207959297923062,0.9465357514891708
315487,315487,0,1686580813,150178909,-0.3922610282897949,0.3191797733306885,0.0211620908230543,-0.2046013245453309,0.047750105292921,0.9699135969391576
315488,315488,0,1686580813,553659916,-0.6137981414794922,0.1325886696577072,0.0268114320933818,-0.2060020830004136,0.0707506737809283,0.9757766716795592
315489,315489,0,1686580814,965759993,-1.5572075843811035,-0.119548000395298,-0.2787152230739593,0.2119946512724322,-0.0464602361807095,-0.9761586293778248
315490,315490,0,1686580816,175988913,-2.5155787467956543,-0.4457139372825622,-0.4808220863342285,-0.1891821813643644,0.0572991760026031,0.9765647896609
315491,315491,0,1686580817,386358976,-3.557086229324341,-0.2509030699729919,-0.4785206913948059,-0.2025490351531986,0.04876607016235,0.965925028397404
315492,315492,0,1686580818,596605062,-4.6463623046875,0.2299990653991699,-0.4780336022377014,-0.161971448307842,0.0176426125345059,0.9774006184241076
315493,315493,0,1686580819,201822996,-5.074512481689453,0.2815603017807007,-0.4776600897312164,-0.1036368955998054,0.0230265243599836,0.9644899776543155
315494,315494,0,1686580819,807044029,-5.80661678314209,0.4189438819885254,-0.4777994751930237,-0.2063676461469465,0.0422230174169564,0.9693211049778448
315495,315495,0,1686580820,210372925,-6.266517162322998,0.4212129116058349,-0.4779770970344543,-0.2085907341238239,0.0585213508274613,0.9759162844772636
315496,315496,0,1686580820,613820076,-6.781238079071045,0.2577081620693207,-0.4783733487129211,0.2104618964574744,-0.0758964664640529,-0.9640183040812476
315497,315497,0,1686580821,17313004,-7.114020824432373,-0.0104152914136648,-0.4785385429859161,0.211480262005856,-0.1104455958155204,-0.9385082036317416
315498,315498,0,1686580821,420696974,-7.369838237762451,-0.3773493766784668,-0.4786903858184814,0.1833558318770621,-0.119692709723074,-0.906623970596182
315499,315499,0,1686580821,824214935,-7.557153701782227,-0.8721154928207397,-0.4789078831672668,0.1597794013741058,-0.1181791618421196,-0.8488907354738734
315500,315500,0,1686580822,832779884,-7.8924241065979,-1.9869381189346316,-0.4793327152729034,0.1052389775440344,-0.1234705862797496,-0.7804041204976472
315501,315501,0,1686580823,841362000,-8.30225944519043,-3.0608129501342773,-0.4622699320316314,0.1087674540126153,-0.1549668755812747,-0.7878852970065847
315502,315502,0,1686580824,849970102,-8.744141578674316,-4.118281841278076,-0.4799378216266632,0.0732221886671537,-0.1632485848836424,-0.790592216479636
315503,315503,0,1686580825,858550072,-9.222858428955078,-5.184394359588623,-0.4795772433280945,0.056601765233128,-0.202052241986993,-0.7805577143037017
315504,315504,0,1686580826,867151022,-9.667434692382812,-6.328735828399658,-0.4801526069641113,0.111760154267293,-0.1624455377519601,-0.7920279281979469
315505,315505,0,1686580827,875750065,-10.19567584991455,-7.274941444396973,-0.4798443019390106,0.1099828276824137,-0.1655088575498165,-0.7763796746722376
315506,315506,0,1686580828,884383917,-10.716580390930176,-8.224183082580566,-0.479084700345993,0.0559925209231054,-0.1925235174970402,-0.7338418980735483
315507,315507,0,1686580829,287893057,-10.880766868591309,-8.597469329833984,-0.4778719544410705,0.1102841595544971,-0.1502281572136814,-0.8338423455230156
315508,315508,0,1686580830,296426058,-11.422991752624512,-9.557003021240234,-0.4759945273399353,0.1426377222386368,-0.1263673902086337,-0.8748362828767828
315509,315509,0,1686580830,901576042,-11.73210620880127,-10.18716049194336,-0.4732642769813537,0.1344272208333219,-0.1368825067211765,-0.8043320402095394
315510,315510,0,1686580831,910186052,-12.030341148376465,-11.28964900970459,-0.4705029129981994,0.1039966995080911,-0.098543350649712,-0.7989247598963932
315511,315511,0,1686580832,918785095,-12.31856632232666,-12.318439483642578,-0.4536737203598022,0.1523091264029474,-0.1572167994259453,-0.7845069235778486
315512,315512,0,1686580833,927467108,-12.580138206481934,-13.434557914733888,-0.3775802552700043,0.1296238926032618,-0.1324132650409459,-0.7930937975170868
315513,315513,0,1686580834,936006069,-12.869793891906738,-14.523250579833984,-0.3529850244522095,0.1188503855472681,-0.1529923372248493,-0.804604239075494
315514,315514,0,1686580835,944701910,-13.279688835144045,-15.52020263671875,-0.3309785425662994,0.089098346294059,-0.1533856630747862,-0.8201951643466581
315516,315516,0,1686580837,961819887,-14.15357494354248,-17.70411491394043,-0.3696435987949371,0.1543041435807019,-0.1749263677188848,-0.8191853189860775
315517,315517,0,1686580838,970422029,-14.490452766418455,-18.854434967041016,-0.3367980420589447,0.1336915199823603,-0.1421364990434501,-0.852115940133019
315519,315519,0,1686580839,979057074,-14.877986907958984,-20.00946044921875,-0.3603231608867645,0.1153776610305941,-0.0806672064382857,-0.8540082593217281
315520,315520,0,1686580840,180793047,-14.999371528625488,-20.281850814819336,-0.3107899725437164,0.0976146795411688,-0.1079501690087888,-0.7963012221479561
315521,315521,0,1686580841,189342022,-15.475385665893556,-21.41659164428711,-0.2698387801647186,0.1124799890220112,-0.119877754318979,-0.7813282765338713
315522,315522,0,1686580842,197964907,-15.891571998596191,-22.521974563598636,-0.2631345391273498,0.0829572646367406,-0.0967217068282072,-0.8340087827171939
315524,315524,0,1686580843,811733007,-16.80506134033203,-24.125688552856445,-0.3860143423080444,0.1040060636414195,-0.0524404726942317,-0.92673873879808
315525,315525,0,1686580844,820337057,-17.664520263671875,-24.82107162475586,-0.4807659685611725,0.1309735697796779,-0.076855097265782,-0.9311353431824628
315526,315526,0,1686580845,425575972,-18.161073684692383,-25.261024475097656,-0.4843077957630157,0.0907654377295839,-0.0951577614014455,-0.8865241658509058
315527,315527,0,1686580846,232392073,-18.5280876159668,-26.06105613708496,-0.4909268319606781,0.064659663951129,-0.0840950645076915,-0.8269669586267172
315528,315528,0,1686580846,635902882,-18.620481491088867,-26.58872604370117,-0.4935239851474762,0.0895476212609188,-0.0647531371760452,-0.7474063877611616
315529,315529,0,1686580847,240984917,-18.45949363708496,-27.233943939208984,-0.4609412550926208,0.0501462790904044,-0.1100594546315668,-0.6118241368153123
315530,315530,0,1686580847,442709923,-18.33431434631348,-27.39363670349121,-0.3615153729915619,0.0072830683298542,-0.1058021645783848,-0.5139246185058616
315531,315531,0,1686580847,644474030,-18.17255973815918,-27.57991600036621,-0.3363528549671173,-0.0365361664051086,-0.0997888558686066,-0.4083547200657465
315532,315532,0,1686580848,47893047,-17.86940574645996,-27.844572067260746,-0.1467867791652679,-0.029712278999675,-0.1186344539918777,-0.2368540986605889
315533,315533,0,1686580848,653024912,-17.324914932250977,-28.20536994934082,0.0937355086207389,-0.0633221829623508,-0.121279836572917,-0.1101746268056864
315534,315534,0,1686580849,661653996,-16.44775390625,-28.70208740234375,0.4735547304153442,-0.0699111185375479,-0.1501066959012879,-0.1256763137482587
315535,315535,0,1686580850,266849041,-15.887358665466309,-28.96267509460449,0.5315069556236267,-0.0263654886273477,-0.1310659193956682,-0.2326098326530152
315536,315536,0,1686580851,275460005,-14.865473747253418,-29.23307228088379,0.5446481704711914,-0.0451406324884195,-0.1414141455061331,-0.1386701523017159
315537,315537,0,1686580851,880573034,-14.226526260375977,-29.35405921936035,0.5546088218688965,-0.0376877754553287,-0.1427860071732715,-0.0282007224836218
315538,315538,0,1686580852,485816002,-13.594151496887209,-29.52542495727539,0.5638629794120789,-0.0836419905692186,-0.1640729200599375,-0.1594180828231371
315539,315539,0,1686580853,292644024,-12.591047286987305,-29.78792953491211,0.5779287219047546,-0.0832350005446473,-0.1503906338736065,-0.1406166096146884
315540,315540,0,1686580854,301211119,-11.535700798034668,-30.04998207092285,0.5935639142990112,-0.0781662765933254,-0.1661742822768275,-0.1717003683095822
315541,315541,0,1686580855,309814930,-10.42989730834961,-30.29151153564453,0.6112001538276672,-0.0882278704482707,-0.1582304032130376,-0.1357904791219918
315542,315542,0,1686580855,914998055,-9.74856662750244,-30.42704963684082,0.6254576444625854,-0.0978918764773291,-0.1474194218914161,0.0083127415227212
315543,315543,0,1686580856,721910000,-8.920308113098145,-30.252216339111328,0.6514788269996643,-0.1522339884725737,-0.1244011146088627,0.1348321068514252
315544,315544,0,1686580857,125325918,-8.620246887207031,-29.99933624267578,0.6510622501373291,-0.1733691644706134,-0.0754985391799137,0.2613121129308511
315545,315545,0,1686580858,133928061,-8.241812705993652,-29.141845703125,0.6830270290374756,-0.1266581509333089,0.0020078562384305,0.4128576271560247
315546,315546,0,1686580858,940901995,-7.935530662536621,-28.30646133422852,0.7121472954750061,-0.1600015571857702,-0.0454124219901706,0.5107974163057798
315547,315547,0,1686580859,949412107,-7.685675621032715,-27.253671646118164,0.7453298568725586,-0.1650271875965514,-0.0837392801206112,0.5444416701812004
315548,315548,0,1686580860,958020926,-7.398477077484131,-26.240802764892575,0.7791242599487305,-0.1497318218820489,-0.0894416871920511,0.5147231427023509
315549,315549,0,1686580861,966682911,-7.081394672393799,-25.258087158203125,0.6818143725395203,-0.1950904767497444,-0.081284662266207,0.5212290105903812
315550,315550,0,1686580862,975230932,-6.684995174407959,-24.17872428894043,0.7041480541229248,-0.1680119696091242,-0.0743529548247725,0.5312937002102802
315551,315551,0,1686580863,983808994,-6.223121166229248,-23.1785945892334,0.6799958348274231,-0.1757681250390508,-0.0445795060375144,0.5518256305173176
315552,315552,0,1686580864,588993073,-5.888955593109131,-22.47662925720215,0.702786922454834,-0.174850488591367,0.0347552011692764,0.6228009827387466
315553,315553,0,1686580865,597634077,-5.4476423263549805,-21.458213806152344,0.7372787594795227,-0.168881842336428,0.0048531467094262,0.6066405340411245
315554,315554,0,1686580866,404474020,-4.924067497253418,-20.692785263061523,0.3025763034820556,-0.133689799601858,-0.1134328589505058,0.5574442852769926
315555,315555,0,1686580866,807928085,-4.9516143798828125,-20.15461158752441,0.6041027307510376,-0.1716411914916703,-0.0526049133575544,0.6324746960597922
315556,315556,0,1686580867,816622019,-4.642645835876465,-19.05521583557129,0.6016626358032227,-0.2075402942953574,-0.0392293351723304,0.6568767474661884
315557,315557,0,1686580868,421781063,-4.425270080566406,-18.416553497314453,0.5800528526306152,-0.2168149157374731,-0.0833008217029727,0.5391817836250322
315558,315558,0,1686580868,825169086,-4.307157516479492,-17.921897888183594,0.6522626280784607,-0.2437458792983655,-0.0496696056101897,0.6341279683255003
315559,315559,0,1686580869,632024050,-3.969081163406372,-16.98737907409668,0.67794269323349,-0.1578486239971708,-0.0396263548783467,0.5675539505418328
315560,315560,0,1686580870,35458088,-3.796724319458008,-16.509811401367188,0.6626451015472412,-0.2375834051420986,-0.0979768364413723,0.5478767340991275
315561,315561,0,1686580870,842403889,-3.428583860397339,-15.56732177734375,0.7072566747665405,-0.2453838879335693,-0.0814322934478478,0.608368720982123
315562,315562,0,1686580871,447544098,-3.182323217391968,-14.942560195922852,0.7286581993103027,-0.2474131370212021,-0.1760911412806547,0.5197885802141244
315563,315563,0,1686580871,649245977,-3.060014009475708,-14.716917037963867,0.7151212692260742,-0.189622876976722,-0.0880417878294463,0.5331537443490804
315564,315564,0,1686580872,657891989,-2.443243980407715,-13.6771821975708,0.7356463074684143,-0.1093738430161041,-0.0287330955231518,0.5238651133546558
315565,315565,0,1686580873,666487932,-1.9548630714416504,-12.616695404052734,0.7287583351135254,-0.1305029205816276,0.0654261710325942,0.5455762187522412
315566,315566,0,1686580874,675132036,-1.4200050830841064,-11.498356819152832,0.7829045653343201,-0.1190084756386655,0.0332981792282632,0.5399457218830712
315567,315567,0,1686580875,683725119,-0.8682596683502197,-10.365471839904783,0.922357141971588,-0.1604491658622926,-0.0601285515569625,0.5462973250444326
315568,315568,0,1686580876,692251921,-0.4418207108974457,-9.242690086364746,0.9558444619178772,-0.2242347305547792,-0.1390788854957861,0.5384343167230566
315569,315569,0,1686580877,700876951,0.0244122724980115,-8.13535213470459,0.901390016078949,-0.227452374127917,-0.1094459788791325,0.512041135217759
315570,315570,0,1686580878,709475994,0.3538106679916382,-6.9481964111328125,0.9363499283790588,-0.1970467495934731,-0.052359344989834,0.5584149405160787
315571,315571,0,1686580879,718204975,0.6272724866867065,-5.867492198944092,0.7813352942466736,-0.2250976068186139,-0.1000616162981068,0.5463556914926111
315572,315572,0,1686580880,726768970,0.997368097305298,-4.829502582550049,0.8377425670623779,-0.2169148183149081,-0.1030956936408941,0.5470299767448573
315573,315573,0,1686580881,735291958,1.3750118017196655,-3.681709289550781,0.8569416999816895,-0.189235897999098,-0.0910912255726306,0.5383400478812763
315574,315574,0,1686580882,138770103,1.5780435800552368,-3.3095271587371826,0.849931001663208,-0.1640987762493253,-0.0707442155651948,0.629809821512649
315575,315575,0,1686580883,147393942,1.9750820398330688,-2.176454544067383,0.7996327877044678,-0.1548265301545691,-0.0648407627786311,0.5698491510617727
315576,315576,0,1686580884,156008959,2.2948553562164307,-1.047200322151184,0.8162795305252075,-0.1642432206985077,-0.0902284234143366,0.5571335187306862
315577,315577,0,1686580885,164541006,2.7757904529571533,0.0396581664681434,0.7835899591445923,-0.1644165077717265,-0.1120800512749775,0.5425644265449326
315578,315578,0,1686580886,173135996,3.2686636447906494,1.0133483409881592,0.7189202904701233,-0.1698311451930469,-0.1223812584767025,0.454868611879884
315579,315579,0,1686580887,181833982,3.927081823348999,1.910778284072876,0.6587768793106079,-0.1201930372764481,-0.1123615709103964,0.3801312725109257
315580,315580,0,1686580887,786923885,4.44355058670044,2.299569845199585,0.5908021926879883,-0.1252024583779224,-0.1675406038230468,0.2597708400166365
315581,315581,0,1686580888,190368891,4.826987266540527,2.370614767074585,0.5646460056304932,-0.0807453593470353,-0.1619215882242191,0.1619767260739569
315582,315582,0,1686580888,795538902,5.400082111358643,2.338050842285156,0.5770394206047058,-0.0814025122292234,-0.1784273538700362,0.0046701884335912
315583,315583,0,1686580889,199006081,5.722909450531006,2.2781193256378174,0.5852211713790894,-0.0712904072211103,-0.193141912144773,-0.1013229196397042
315584,315584,0,1686580889,804178953,6.2413506507873535,1.9976232051849363,0.6003652811050415,-0.0764388464511921,-0.1814563075437144,-0.2399669683711199
315585,315585,0,1686580890,207561970,6.477909564971924,1.6734923124313354,0.6108390092849731,-0.0079915802359192,-0.147109826744632,-0.3753472704223232
315586,315586,0,1686580891,14503002,6.849362373352051,1.048535704612732,0.6286637783050537,-0.0027953336009902,-0.1082920988477214,-0.5250668216451905
315587,315587,0,1686580891,417897940,6.838076114654541,0.6308354139328003,0.6359545588493347,0.0621149297874746,-0.1275056785069096,-0.6311192693271573
315588,315588,0,1686580892,23068905,6.986992359161377,0.0539165847003459,0.6492176055908203,0.0306786272448227,-0.0281012258262558,-0.7265417242276703
315589,315589,0,1686580892,829967022,6.798459529876709,-0.6179019212722778,0.6572551727294922,0.0647044983899474,-0.0579635192536687,-0.7928129241899872
315590,315590,0,1686580893,838598013,6.502987384796143,-1.5580106973648071,0.6677094101905823,0.0512842395773068,0.009088431688808,-0.7164091896126545
315591,315591,0,1686580894,443759918,6.846261024475098,-2.0517055988311768,0.6763346195220947,0.0647638531310897,-0.0304402901254423,-0.6255166479755001
315592,315592,0,1686580894,847263098,7.120908737182617,-2.378081798553467,0.6974926590919495,0.0532818401664212,-0.0023702697938764,-0.5239135648829792
315593,315593,0,1686580895,855823040,7.864518165588379,-3.2051594257354736,0.730778157711029,0.0485917452164313,-0.0028933870291813,-0.492117980990548
315594,315594,0,1686580897,66145897,8.654938697814941,-4.0048441886901855,0.7649701237678528,0.0268889493108531,-0.0511586703612865,-0.50297393550889
315595,315595,0,1686580897,872981071,9.328837394714355,-4.408724308013916,0.7901653051376343,-0.0044714071131327,-0.0359273745614137,-0.3996264912284757
315596,315596,0,1686580898,881612062,10.25275993347168,-4.809811592102051,0.8217445015907288,-0.0200728448254331,-0.0217435958261645,-0.3084984062451507
315597,315597,0,1686580899,486785889,10.8701753616333,-5.013326644897461,0.8427309989929199,-0.0340433186698776,-0.0157000220193185,-0.1823024164030502
315598,315598,0,1686580900,697247982,12.062458992004396,-5.219985961914063,0.8779234886169434,-0.0373268730653698,0.0014607751223653,-0.1650971788927361
315599,315599,0,1686580901,302231073,12.564986228942873,-5.486496925354004,0.8979318141937256,0.0263559810768573,-0.0225205775894676,-0.2807677335685762
315600,315600,0,1686580902,109119892,13.190335273742676,-5.858057022094727,0.923591375350952,0.0294675351157215,-0.0109315232967092,-0.4078835156582058
315601,315601,0,1686580903,319468021,13.881279945373535,-6.81476640701294,0.9633564352989196,0.0809825123973145,-0.1143905960434097,-0.3514855255098176
315602,315602,0,1686580903,924617052,14.496792793273926,-7.1592559814453125,0.9886415600776672,-0.0204403667981599,-0.0537460733263,-0.3711424745874705
315603,315603,0,1686580904,529771090,14.99509620666504,-7.634563446044922,1.0142652988433838,-0.0609521876308018,-0.0216514341619717,-0.4725430427145832
315604,315604,0,1686580905,538407087,15.733535766601562,-8.323877334594727,1.050413966178894,-0.0237106933645955,-0.0232858617663296,-0.4785554167883363
315605,315605,0,1686580906,143661976,16.014808654785156,-8.912060737609863,1.073621392250061,0.010778585189987,-0.0009675971510029,-0.6384343016793882
315606,315606,0,1686580906,547013044,16.206851959228516,-9.095967292785645,1.085877776145935,0.0371860181180947,-0.0183816652981735,-0.7331052646835083
315607,315607,0,1686580907,353863955,16.196128845214844,-9.843762397766112,1.1059433221817017,0.0517969495848165,0.0014164143886584,-0.8211961396528734
315608,315608,0,1686580908,564234972,15.935467720031738,-10.892141342163086,1.1269580125808716,0.097759386279366,0.0221864024493229,-0.8788102152162184
315609,315609,0,1686580909,774666071,15.386446952819824,-11.889945030212402,1.140075445175171,0.1421849384833424,-0.0444925481532164,-0.9005252562354616
315610,315610,0,1686580910,379673004,15.027464866638184,-12.422307968139648,1.1472153663635254,0.0957108787967383,-0.0120892170727349,-0.8453023442535684
315611,315611,0,1686580911,388348103,14.593666076660156,-13.367170333862305,1.162061095237732,0.0843577689016105,0.0244130689062214,-0.7830955106071705
315612,315612,0,1686580912,195261955,14.71360969543457,-14.139276504516602,1.1863194704055786,0.0234649354831358,0.0063287570279427,-0.6894014099660348
315613,315613,0,1686580912,598661900,14.948060035705566,-14.5208740234375,1.2043790817260742,0.0149162147225317,0.0480379688393679,-0.5514890817758993
315614,315614,0,1686580913,2057076,15.23115348815918,-14.783247947692873,1.2208884954452517,0.0032185672419413,0.0449494742099144,-0.4602996129554962
315615,315615,0,1686580913,405585051,15.536368370056152,-15.134271621704102,1.2400020360946655,-0.0006682469867317,0.0662331203322789,-0.3494617354898752
315616,315616,0,1686580914,414092064,16.457420349121094,-15.39456272125244,1.2720097303390503,-0.0464012933970841,0.0252041409540782,-0.2424949898837224
315617,315617,0,1686580914,817590952,16.88094711303711,-15.492998123168944,1.2881767749786377,-0.0231689087943486,0.0761717869856806,-0.1276818055353856
315618,315618,0,1686580916,27921915,18.01073455810547,-15.85622787475586,1.3276270627975464,-0.0168492947262436,0.0632481955324885,-0.1976139532200767
315619,315619,0,1686580917,238199949,19.125316619873047,-16.127532958984375,1.3645178079605105,0.0121724206047937,0.1197730255228597,-0.185784719368716
315620,315620,0,1686580918,448522091,20.15672874450684,-16.075496673583984,1.3918300867080688,-0.0513588393328499,0.114166665616836,-0.0529230866536898
315621,315621,0,1686580919,255531073,21.01058578491211,-15.857380867004396,1.410914182662964,-0.123719919678244,0.1073558604944378,0.0802210751716591
315622,315622,0,1686580920,62280893,21.495058059692383,-15.266950607299805,1.4124783277511597,-0.1079633020400473,0.0212483475165734,0.2029156115763592
315623,315623,0,1686580920,264105082,21.52236557006836,-15.077168464660645,1.4123438596725464,-0.0548482991836152,0.0649122207105652,0.3019229765707519
315624,315624,0,1686580920,667473078,21.781587600708008,-14.65198040008545,1.4122370481491089,-0.1066471469789391,0.0816044144623516,0.423750655498658
315625,315625,0,1686580921,474328995,22.00191879272461,-13.792012214660645,1.4011452198028564,-0.0647039158052991,0.1559281750859349,0.5778268674909331
315626,315626,0,1686580922,79518080,22.162227630615234,-13.285432815551758,1.2772001028060913,-0.0710100683211159,0.1141032056375975,0.4951257149150044
315627,315627,0,1686580922,482985020,22.3230037689209,-12.692254066467283,1.2670623064041138,-0.0876992358155645,0.1511589327509384,0.624100145877836
315628,315628,0,1686580922,886439085,22.151235580444336,-12.49081325531006,1.2465262413024902,-0.1445949469777045,0.0644779583113568,0.6761523879372326
315629,315629,0,1686580923,289848089,22.0592041015625,-12.071340560913086,1.2106999158859253,-0.1265041232883077,0.0697583719213129,0.7639716713048154
315630,315630,0,1686580923,693285942,21.854124069213867,-11.69560432434082,1.3117419481277466,-0.1457551440518887,0.0451937399573513,0.8390935034884444
315631,315631,0,1686580924,903604031,21.266191482543945,-10.71537971496582,1.2244359254837036,-0.1287081606946823,0.03879270436714,0.8813709257947361
315632,315632,0,1686580925,912173986,20.457080841064453,-10.0260009765625,1.290366291999817,-0.1157066702230804,0.0619954662396256,0.9278183534322938
315633,315633,0,1686580926,719068050,19.896211624145508,-9.517658233642578,1.2349992990493774,-0.1137908430201388,-0.0222846875719789,0.877583866099442
315634,315634,0,1686580927,727721930,19.15839385986328,-8.784930229187012,1.113466739654541,-0.1465913246730041,0.0200172543096376,0.8431845504244918
315635,315635,0,1686580928,131376028,18.753786087036133,-8.429975509643555,1.1166290044784546,-0.156495851767523,0.0343760484404207,0.8997224965770586
315636,315636,0,1686580928,534657001,18.45900154113769,-8.111407279968262,1.0925730466842651,-0.1383720189116803,0.0559079676826768,0.8316022212852059
315637,315637,0,1686580929,744980097,17.979408264160156,-7.140971660614014,1.153359293937683,-0.1308136751726133,0.0231052739339149,0.7495064846485535
315638,315638,0,1686580930,148350954,17.923980712890625,-6.7683515548706055,1.1185626983642578,-0.1691822116911506,-0.0006619506856143,0.6778135266518601
315639,315639,0,1686580930,955305099,18.07404327392578,-6.119619369506836,1.1059260368347168,-0.0702125705529766,0.0128563696324705,0.5576943381517178
315640,315640,0,1686580931,963893890,18.465070724487305,-5.2935051918029785,1.0937387943267822,-0.0774386112486313,-0.0065394194554533,0.4365990727589188
315641,315641,0,1686580933,174237967,19.024099349975582,-4.301962852478027,1.080531358718872,-0.0811717308815553,0.0162663656190516,0.4069600637164058
315642,315642,0,1686580933,779330969,19.31240463256836,-3.6887047290802,1.0708739757537842,-0.098415785069041,0.0246829961473536,0.5170549145729384
315643,315643,0,1686580934,989680052,19.652124404907227,-2.616555690765381,1.048448920249939,-0.1348662651712084,0.0481532572596283,0.5683186239507941
315644,315644,0,1686580936,199982882,20.05677604675293,-1.5544967651367188,1.0275485515594482,-0.1487513841923912,0.0847745737950674,0.5906028330693364
315645,315645,0,1686580936,603451014,20.23101043701172,-1.239370346069336,1.0235216617584229,-0.0761472223801638,0.0374367968871242,0.5005280274557791
315646,315646,0,1686580937,813827991,20.75345993041992,-0.1841246932744979,0.986477255821228,-0.0931716997266614,0.0155973915042504,0.4471578336663207
315647,315647,0,1686580938,822338104,21.232894897460938,0.7692444324493408,0.9880582094192504,-0.0662471196672305,0.0309094347085092,0.4407910635377253
315648,315648,0,1686580939,427508116,21.465770721435547,1.3687297105789185,0.9760156869888306,-0.1144906963588197,-0.0262660474328682,0.539871054349771
315649,315649,0,1686580940,32747030,21.7465877532959,1.9454445838928225,0.9656484723091124,-0.0419238827611685,-0.038623540070773,0.4418230456596028
315650,315650,0,1686580941,41306019,22.208301544189453,2.87335467338562,0.9470943808555604,-0.0632836879485172,-0.0041846575607772,0.3908847380249967
315651,315651,0,1686580942,49890041,22.90633583068848,3.7817537784576416,0.9339835047721864,-0.0827339128803233,0.0002361622424183,0.3426123799945968
315652,315652,0,1686580943,58492899,23.639667510986328,4.544184684753418,0.9263654351234436,-0.081309558549837,-0.0192045117471045,0.2956093894353382
315653,315653,0,1686580944,67141056,24.33561897277832,5.293716430664063,0.9177578687667848,-0.0429962593463694,-0.0237569969648128,0.2969164964866526
315654,315654,0,1686580945,277498960,25.21541786193848,6.116607666015625,0.91096293926239,-0.0382732261528086,-0.0734022672491887,0.3379920358674759
315655,315655,0,1686580946,487725019,26.155088424682617,6.941084384918213,0.9056937098503112,-0.0443476338062374,-0.0278301831953098,0.3402942098869386
315656,315656,0,1686580947,698077917,27.037010192871094,7.790204048156738,0.8979053497314453,-0.0574389171533396,-0.0673300750788655,0.4084499175341356
315657,315657,0,1686580948,101511002,27.280384063720703,8.229392051696777,0.8886610865592957,-0.0902653788456485,-0.0317777086007204,0.517374260713305
315658,315658,0,1686580949,110167027,27.82962226867676,9.159642219543455,0.8687837719917297,-0.0871577897718229,0.0056813643923299,0.6328939533857845
315659,315659,0,1686580949,715353012,28.069610595703125,9.630060195922852,0.8578857183456421,-0.0820662136069208,-0.0388820893412902,0.5403916895506478
315660,315660,0,1686580950,723951101,28.40494155883789,10.60447883605957,0.830147385597229,-0.0689086735997124,-0.0798280428496752,0.5137008296222431
315661,315661,0,1686580951,329049110,28.663454055786133,11.228678703308104,0.8133543729782104,-0.110618508351476,-0.049434661091199,0.6074385228968554
315662,315662,0,1686580951,732487917,28.84165382385254,11.623729705810549,0.8031585812568665,-0.0567354585907181,-0.0320814105490009,0.5037663500740096
315663,315663,0,1686580952,539386034,29.300928115844727,12.523625373840332,0.7799217104911804,-0.0925811591779218,-0.0449732430441955,0.5093492541826142
315664,315664,0,1686580953,548006058,29.907310485839844,13.382197380065918,0.761478841304779,-0.0834724304729184,-0.0611179249435501,0.4502312490653781
315665,315665,0,1686580954,153204918,30.309192657470703,13.855911254882812,0.7529910802841187,-0.0603167382703945,-0.0557867335228455,0.3572410281329481
315666,315666,0,1686580955,161761999,31.07091522216797,14.593097686767578,0.7423699498176575,-0.0867925662435158,-0.0348214844432647,0.2684760844326369
315667,315667,0,1686580955,968662024,31.69921493530273,15.066519737243652,0.7389125823974609,-0.039390707499929,-0.0191357050900569,0.1128041111196225
315668,315668,0,1686580957,178980112,32.830989837646484,15.245549201965332,0.7597078680992126,-0.0759564240874484,0.0049065764136267,-0.041294227365512
315669,315669,0,1686580958,187566996,33.75413131713867,15.124837875366213,0.7878888845443726,-0.0372078384822558,-0.0633107785514109,-0.1751114148995597
315670,315670,0,1686580958,792725086,34.4438362121582,15.022713661193848,0.8096099495887756,-0.0474699184485174,-0.0258207697979131,-0.0661499438658634
315671,315671,0,1686580959,801354885,35.476806640625,14.9386568069458,0.8388432860374451,-0.014780692925499,0.0005033987109246,-0.0862432977414506
315672,315672,0,1686580960,406517029,35.98527145385742,14.887701988220217,0.8539490103721619,-0.0326593223193547,-0.0492946817180378,-0.2405668367862965
315673,315673,0,1686580961,616929054,37.14384078979492,14.358412742614746,0.9057608246803284,-0.0273874352698366,-0.0265803847219023,-0.3516937516395282
315674,315674,0,1686580962,423749924,37.71059799194336,13.87034034729004,0.9417454600334167,-0.0084585983241213,-0.0387811053869266,-0.5080267519872816
315675,315675,0,1686580962,827137947,37.86260223388672,13.564291954040527,0.9598327875137328,-0.020485807013915,-0.0184991118167138,-0.6119904473242861
315676,315676,0,1686580963,432315111,37.98967742919922,13.024069786071776,0.9881567358970642,0.0294867717884265,-0.0100112724033621,-0.7003403511408528
315677,315677,0,1686580963,835751057,37.91527557373047,12.682500839233398,0.9952533841133118,0.0457912559733812,-0.0080223693006826,-0.7799129591216794
315678,315678,0,1686580964,642724037,37.69987487792969,11.99606704711914,1.0304094552993774,0.0142461505814027,-0.0531265731074971,-0.8419404472686391
315679,315679,0,1686580965,852965117,37.37198257446289,10.898509979248049,1.075115442276001,0.0336878704430337,-0.0222685095066761,-0.843825690871411
315680,315680,0,1686580966,861591101,36.9493408203125,9.989802360534668,1.1091822385787964,0.038457212546767,-0.0079997196400802,-0.8597909089972792
315681,315681,0,1686580967,870182991,36.54635238647461,8.991534233093262,1.148483157157898,0.0153845137932958,-0.0064949497046579,-0.858793839022248
315682,315682,0,1686580968,878794909,36.20368576049805,7.943842887878418,1.192082405090332,-0.0105468956024656,0.0452632136964275,-0.8429565825576718
315683,315683,0,1686580969,887451887,35.87373733520508,6.948075771331787,1.2339434623718262,-0.0120739313490958,0.030437551947333,-0.8394006646647341
315684,315684,0,1686580970,492614985,35.567466735839844,6.3578081130981445,1.2571866512298584,-0.0225429380161546,-0.0037647198528336,-0.8910455387581526
315685,315685,0,1686580970,896001101,35.44763946533203,5.895793914794922,1.278764247894287,0.0074878204024235,0.0190559046964373,-0.8375503242939063
315686,315686,0,1686580971,299451113,35.29136657714844,5.537170886993408,1.3062458038330078,-0.0174925882686434,-0.0302577994122595,-0.8883639031768076
315687,315687,0,1686580972,308053970,34.83784103393555,4.547389984130859,1.3558237552642822,0.027993537838454,-0.0311803167126116,-0.8972233231197702
315688,315688,0,1686580973,316646099,34.33311462402344,3.480726957321167,1.4152127504348757,0.006880693862512,-0.0132040895035151,-0.8854044768159468
315689,315689,0,1686580973,921892881,34.00407028198242,2.868915557861328,1.4333151578903198,-0.0129673111819149,-0.04293719053578,-0.830812364589781
315690,315690,0,1686580974,930409908,33.602264404296875,1.8275368213653564,1.479797601699829,0.0267061752108328,-0.0068898814701589,-0.8126650159493842
315691,315691,0,1686580975,737428904,33.15398406982422,0.9216384291648864,1.517802119255066,-0.0290563189304959,-0.0364307515860374,-0.8650045838476738
315692,315692,0,1686580976,745989084,32.72830581665039,-0.1045248135924339,1.5542216300964355,0.0370451479280409,0.021233895345394,-0.8809841099552219
315693,315693,0,1686580977,754502058,32.354373931884766,-1.1398307085037231,1.5939500331878662,0.0259322075072787,0.0044350470813162,-0.8703143207026266
315694,315694,0,1686580978,157964945,32.14152908325195,-1.620113492012024,1.607237696647644,-0.0087300321679508,0.0044237750924187,-0.8161694673241092
315695,315695,0,1686580979,166594982,31.7258243560791,-2.66355562210083,1.6572421789169312,-0.025225135660066,-0.0411007378606864,-0.7975255943505742
315696,315696,0,1686580979,771713972,31.487245559692383,-3.203969240188598,1.663061499595642,-0.0090185065605617,-0.0554292622493655,-0.8688877688076498
315697,315697,0,1686580980,780330896,31.05649948120117,-4.234278678894043,1.7009363174438477,0.0149668124321189,-0.0348149356399269,-0.8831420357911096
315698,315698,0,1686580981,788983107,30.52060890197754,-5.230433464050293,1.7386094331741333,-0.013618775578107,-0.0159541799402586,-0.9032875584729796
315699,315699,0,1686580982,797591925,29.829025268554688,-6.154639720916748,1.762637734413147,-0.0295791395947067,-0.0214452933632787,-0.9308419587160146
315700,315700,0,1686580983,806220055,29.0938720703125,-6.946777820587158,1.7655807733535769,-0.0415999152543471,0.0031277264425335,-0.96085133198594
315701,315701,0,1686580984,814769983,28.131711959838867,-7.604098320007324,1.7702125310897827,-0.0076339659761381,-0.0041065317306576,-0.9788033289268464
315702,315702,0,1686580985,823609114,27.21378898620605,-7.973630428314209,1.74848735332489,0.0206022438161932,0.0053604851441283,-0.995164668151316
315703,315703,0,1686580986,226906061,26.90098762512207,-7.95531702041626,1.7289118766784668,-0.0511465677071359,0.0728823075670487,0.9936345802096046
315704,315704,0,1686580987,235455990,26.008983612060547,-7.802847862243652,1.703795075416565,-0.071281533256435,0.0349858240301796,0.9822085924510502
315705,315705,0,1686580988,445804119,24.912487030029297,-7.336352348327637,1.6109001636505127,-0.0297121011603997,0.0561374619261607,0.9549813693228112
315706,315706,0,1686580989,252676010,24.0134220123291,-7.010072231292725,1.5004452466964722,-0.0489908053134084,-0.0519628134979962,0.9712873197966672
315707,315707,0,1686580990,261286020,23.03866195678711,-6.582559585571289,1.4257936477661133,-0.0816413177082854,-0.006442224799897,0.9666980349674892
315708,315708,0,1686580991,269903898,22.046934127807617,-6.069889068603516,1.279341697692871,-0.0468286662201202,-0.0249173083211364,0.9645772128836936
315709,315709,0,1686580992,278450966,21.00414276123047,-5.60569953918457,1.1945101022720337,-0.0386447570019623,-0.0275390385735282,0.9689606626554662
315710,315710,0,1686580993,287107944,20.022422790527344,-5.171798706054688,1.1761327981948853,-0.0913017690548169,-0.050866740791049,0.9836313687985856
315711,315711,0,1686580994,93916893,19.135547637939453,-4.854917526245117,1.1306424140930176,-0.0875817568808983,-0.0487398002084201,0.9949620603850428
315712,315712,0,1686580994,699095011,18.480844497680664,-5.10309362411499,1.1226252317428589,0.082939055707827,0.0213975133790625,-0.985794396693432
315713,315713,0,1686580995,102608919,18.18574523925781,-5.36264705657959,1.09865403175354,0.0540329768405403,0.0583127808734199,-0.9593086304106988
315714,315714,0,1686580995,506062031,18.040372848510746,-5.720349788665772,1.1335750818252563,0.0726426023980637,0.046882261148533,-0.921712870575004
315715,315715,0,1686580996,716276884,17.29520034790039,-6.415022373199463,1.071627140045166,0.0408339499029914,-0.0155282440646525,-0.9639329757828408
315716,315716,0,1686580997,119762897,17.01810646057129,-6.60233211517334,1.1220344305038452,0.0562762453245174,-0.0303872509332662,-0.9952256836939116
315717,315717,0,1686580997,926645041,16.36542510986328,-6.605245113372803,1.0459604263305664,-0.0856821859835452,0.0480152408051782,0.993662057405
315718,315718,0,1686580998,935312033,15.371651649475098,-6.490817070007324,0.986646056175232,-0.0863087589300278,0.0023382416458017,0.992033423859124
315719,315719,0,1686580999,943851948,14.36140251159668,-6.430845737457275,0.8213686347007751,-0.0707265286588282,-0.0068965722586081,0.9953427262533634
315720,315720,0,1686581000,952438116,13.31704044342041,-6.351883888244629,0.7279933094978333,-0.0668696272915752,-0.0113070342059146,0.99363088780562
315721,315721,0,1686581001,961036921,12.146004676818848,-6.188443660736084,0.7979162931442261,-0.1184371443468087,0.0405044865806919,0.9895075785248824
315722,315722,0,1686581002,969660997,11.110897064208984,-5.940857410430908,0.9058562517166138,-0.1276939138283534,0.0211018509914879,0.984810705398419
315723,315723,0,1686581003,574810028,10.544151306152344,-5.761519432067871,0.7593082189559937,-0.1541258321659056,0.0168090368976697,0.9523961505701574
315724,315724,0,1686581004,583528996,9.563674926757812,-5.397252559661865,0.609825611114502,-0.145361929328433,0.0308949854902218,0.96046054272608
315725,315725,0,1686581005,592021942,8.485102653503418,-5.044215679168701,0.469960868358612,-0.1208161150678559,0.0229615388161494,0.9731359685888484
315726,315726,0,1686581006,600689888,7.44789457321167,-4.750460624694824,0.3011146187782287,-0.0847648334112889,-0.0230577702715759,0.9689642179179756
315727,315727,0,1686581007,407507896,6.617757320404053,-4.521606922149658,0.1739246100187301,-0.0742512670095657,-0.0547137046467795,0.9875003385874008
315728,315728,0,1686581008,416296005,5.611037731170654,-4.293680667877197,0.1267225593328476,0.1207255291831635,0.0387149092562758,-0.9912192753437208
315729,315729,0,1686581008,819571018,5.230017185211182,-4.515488624572754,0.1047504469752311,0.1073555714216002,0.0171797119053423,-0.9767242493739242
315730,315730,0,1686581009,222994089,4.908535480499268,-4.753190040588379,0.1016965880990028,0.0968190931366017,0.0061893607504754,-0.9368304423055832
315731,315731,0,1686581009,626422882,4.669893741607666,-5.0664591789245605,0.0971822440624237,0.0454524520341475,0.0200787879744911,-0.8933177965504403
315732,315732,0,1686581010,433408022,4.356722831726074,-5.738523006439209,0.2081020027399063,0.0329602754186198,-0.0086750767024369,-0.816120779167423
315733,315733,0,1686581011,643636942,3.953435897827149,-6.762203693389893,0.195346713066101,-0.0219053606311575,0.010518872669202,-0.8635773541546214
315734,315734,0,1686581012,652245045,3.527127981185913,-7.710270404815674,0.228909745812416,0.0279347837003797,0.011133631384278,-0.8392376540969543
315735,315735,0,1686581013,660870075,3.060396194458008,-8.639802932739258,0.3031702637672424,0.0402014728137065,0.0104534403182219,-0.8369109104080346
315736,315736,0,1686581014,871282101,2.6173224449157715,-9.70537281036377,0.2692578136920929,0.0502795767543682,0.04282155730201,-0.8421800826289354
315737,315737,0,1686581015,879787922,2.1980230808258057,-10.628190994262695,0.2863474190235138,0.0449506817068732,-0.0087835985172993,-0.8326909287511124
315738,315738,0,1686581016,888422966,1.796145796775818,-11.573939323425291,0.304002434015274,-0.0148025168092649,0.042623840376796,-0.8263906674276423
315739,315739,0,1686581017,897020102,1.3465166091918943,-12.521257400512695,0.2808518707752228,-0.0328857831114875,0.0224446736777439,-0.8048612725809032
315740,315740,0,1686581018,905597925,0.8629776835441589,-13.44532871246338,0.4166427552700043,-0.0221091223356119,-0.0006003694049744,-0.8337439366042608
315741,315741,0,1686581019,914216042,0.3215629458427429,-14.40908908843994,0.4433302581310272,-0.0129486186631255,0.012080107610859,-0.8408372823779253
315742,315742,0,1686581020,922817945,-0.0897959470748901,-15.33901309967041,0.4421387612819671,0.0019796388994761,-0.0229527852055935,-0.8275184230393596
315743,315743,0,1686581021,931462049,-0.5452643036842346,-16.379444122314453,0.5508022308349609,-0.0056641280782489,-0.0018333423651246,-0.8492780986381733
315744,315744,0,1686581022,738320112,-0.985990583896637,-17.30484390258789,0.6048253178596497,-0.003586408571631,0.0141325884514704,-0.8440121709910732
315745,315745,0,1686581023,948661089,-1.5293686389923096,-18.386083602905277,0.5833102464675903,0.0480990437845541,0.0031455964377252,-0.8410651041838634
315746,315746,0,1686581024,957231045,-2.0019402503967285,-19.368825912475582,0.6633883118629456,0.0212066452917789,0.0171806216109652,-0.8351868784996136
315747,315747,0,1686581025,965867043,-2.481727361679077,-20.329429626464844,0.701913595199585,0.0313664916382159,-0.021327043504573,-0.8314187929326956
315748,315748,0,1686581026,974510908,-2.9290084838867188,-21.276103973388672,0.7952277660369873,0.0080470130357964,-0.0130227167924249,-0.8543193023272092
315749,315749,0,1686581027,983059883,-3.3757998943328857,-22.2462158203125,0.7889912128448486,0.0034671622226553,0.033374679252863,-0.8211497223705216
315750,315750,0,1686581028,991748095,-3.8290555477142334,-23.209577560424805,0.8816667199134827,0.0218102504009852,0.0030405358716623,-0.7905495698944592
315751,315751,0,1686581029,395142078,-4.0641961097717285,-23.579639434814453,0.8990212678909302,0.0372787597485566,0.0017643373728414,-0.8505626767234669
315752,315752,0,1686581030,403706074,-4.567097187042236,-24.57143783569336,0.9199648499488832,0.0455302027807265,-0.0117097506715545,-0.8507989413898298
315753,315753,0,1686581031,412378073,-4.997202396392822,-25.56064224243164,0.9196761846542358,0.0662724310179313,-0.0404033336043727,-0.8179195250724769
315754,315754,0,1686581032,420938015,-5.552699565887451,-26.55883026123047,0.9760178923606871,0.0551999040965182,-0.0193523612069974,-0.8642506799097344
315755,315755,0,1686581033,429546118,-6.219663619995117,-27.51156997680664,1.062163233757019,0.0149444861254994,-0.0209057446000894,-0.8945125548186038
315756,315756,0,1686581034,438131094,-6.701200008392334,-28.508377075195312,1.2174501419067385,0.0124958893846989,-0.0179655381646516,-0.9050029093808448
315757,315757,0,1686581035,850178003,-7.196554660797119,-29.445152282714844,1.5281271934509275,-0.0161413261331889,0.006383216403736,-0.9217377755216042
315758,315758,0,1686581037,867429018,-7.49548864364624,-29.61320304870605,1.527357578277588,-0.0707422578825886,0.0933579864623642,-0.9037874292167865
315759,315759,0,1686581039,77702045,-7.837365627288818,-29.97571563720703,1.4743218421936035,-0.0811686115413333,0.072439832718754,-0.8543720477567096
315760,315760,0,1686581040,489772081,-7.8820295333862305,-30.61870384216309,1.3950625658035278,-0.0434901789365514,0.0338534868774041,-0.7975756746289017
315761,315761,0,1686581041,94944000,-7.846286773681641,-31.117401123046875,1.4213876724243164,-0.0276788451934146,0.0448980247667535,-0.714915605056213
315762,315762,0,1686581041,296664000,-7.75497579574585,-31.303449630737305,1.4491394758224487,-0.0324815021293539,0.0598092723913651,-0.6199155714342729
315763,315763,0,1686581041,700086117,-7.458705902099609,-31.586261749267575,1.4899697303771973,-0.0317445633290316,0.0788702709407893,-0.5231502478201523
315764,315764,0,1686581042,305305004,-7.191190242767334,-31.979814529418945,1.5622413158416748,-0.0373346923664321,0.0815447346281847,-0.4158588544305299
315765,315765,0,1686581042,910454035,-6.773253917694092,-32.188323974609375,1.2427581548690796,-0.1374645834864707,0.1145936675778862,-0.4219676848341295
315766,315766,0,1686581044,120826006,-5.891794681549072,-32.60392379760742,1.3089886903762815,-0.0731565880179074,-0.004008539733167,-0.321257204613634
315767,315767,0,1686581044,524216890,-5.587873458862305,-32.830894470214844,1.2691216468811035,-0.0379989302416282,0.0261809013857398,-0.2001502899280299
315768,315768,0,1686581045,532833099,-4.544847011566162,-32.999961853027344,1.2998378276824951,-0.1163861146920638,0.0562848768193158,-0.1054326641674843
315769,315769,0,1686581046,541388988,-3.554098606109619,-33.286376953125,0.9126852750778198,-0.1288375873698047,0.0672747735227765,-0.1681703923697239
315770,315770,0,1686581047,146630049,-3.136422872543335,-33.672691345214844,0.941348135471344,-0.1086693048987708,0.0579534622525835,-0.2739456251212645
315771,315771,0,1686581047,751708031,-2.664170026779175,-34.02182388305664,0.9546998739242554,-0.1178201185021702,0.0578294960710661,-0.3775547975486791
315772,315772,0,1686581048,155165911,-2.5588300228118896,-34.373722076416016,0.9528080821037292,-0.0701730424171372,0.0184056563368644,-0.5397883167921729
315773,315773,0,1686581048,558707952,-2.5197134017944336,-34.72891998291016,0.9807277321815492,-0.0862485234176637,0.0077250285979473,-0.662046947241113
315774,315774,0,1686581048,962039948,-2.5866661071777344,-35.11295700073242,0.9319248199462892,-0.0563466792160887,-0.0027106720787326,-0.7371681487184409
315775,315775,0,1686581049,163856983,-2.597543954849243,-35.27889633178711,0.8159615993499756,-0.0388814203458555,-0.0095119714319087,-0.8116433372732902
315776,315776,0,1686581049,970657110,-2.926124334335327,-35.99232864379883,0.8076083064079285,-0.0638695205162857,-0.0309401228034392,-0.8685830902932993
315777,315777,0,1686581050,979244947,-3.506022691726685,-36.97890853881836,0.8213458061218262,-0.0824868407401205,-0.0605990336324161,-0.8307127703566674
315778,315778,0,1686581051,987863064,-4.148876667022705,-37.94481658935547,0.7732240557670593,-0.124230514510204,-0.056483278612651,-0.8309229122663545
315779,315779,0,1686581052,794830084,-4.540645599365234,-38.73363876342773,0.8334637880325317,-0.1283833689902442,-0.0427376256503276,-0.7650497992899253
315780,315780,0,1686581053,399945974,-4.538916110992432,-39.24557495117188,0.8575721979141235,-0.1409375696191464,-0.1044192038569154,-0.6468703288114241
315781,315781,0,1686581053,601615906,-4.504397869110107,-39.42008590698242,0.8604245781898499,-0.1398929744921118,-0.1074363502514548,-0.5511003816528482
315782,315782,0,1686581053,803355932,-4.399206161499023,-39.4085807800293,0.8625505566596985,-0.0956622753605496,-0.0838208489773707,-0.4548243673891995
315783,315783,0,1686581054,5166054,-4.279115676879883,-39.39728164672852,0.86830073595047,-0.0807780402092526,-0.0636257031576179,-0.3491491237585411
315784,315784,0,1686581054,206865072,-4.123925685882568,-39.28587341308594,0.8734286427497864,-0.059469648314389,-0.0569348518684987,-0.2491848446155213
315785,315785,0,1686581054,610335112,-3.662529468536377,-38.91350173950195,0.9030076861381532,-0.0052806685837132,-0.0324766212864634,-0.0500697181706911
315786,315786,0,1686581055,215395927,-3.4652321338653564,-38.64649200439453,0.919032633304596,0.0128661469348077,0.0007037168253964,0.0684848752102838
315787,315787,0,1686581055,820554972,-3.4583120346069336,-38.12529373168945,0.9341703057289124,0.0123534330118761,-0.0197306110580917,0.2135929251769155
315788,315788,0,1686581056,224006891,-3.3806469440460205,-37.70137023925781,0.9303744435310364,-0.0181963203936094,0.0074481644273924,0.4012203252358393
315789,315789,0,1686581056,425749063,-3.333114624023437,-37.44295883178711,0.9276859760284424,-0.0437204267650228,-0.0037047423839529,0.4997439758229691
315790,315790,0,1686581057,30889034,-3.1768431663513184,-36.93424606323242,0.8630706667900085,-0.0504416825912829,-0.0069117212767831,0.4094139926702136
315791,315791,0,1686581057,434365034,-3.0144855976104736,-36.56172180175781,0.9647570252418518,-0.0383806799200229,0.0103466558844553,0.5214582870656207
315792,315792,0,1686581058,442934036,-2.5654220581054688,-35.62322998046875,0.9947442412376404,-0.0002227055977769,0.0139470518361879,0.5909032599090566
315793,315793,0,1686581059,249824047,-1.904002070426941,-34.698387145996094,0.9835898876190186,0.0453663765969274,-0.1130766332595118,0.6362454385163393
315794,315794,0,1686581059,451539040,-1.8719404935836792,-34.520938873291016,1.0478557348251345,0.0060909462108146,-0.0668655827125725,0.7329959891657986
315795,315795,0,1686581059,854983091,-1.866207718849182,-33.91615295410156,1.6392345428466797,-0.0930498850915421,0.0147335447404202,0.8636901639787035
315796,315796,0,1686581060,258436918,-2.222642421722412,-33.5915641784668,1.538474678993225,-0.0383026093953086,0.0619901887515093,0.9203692189339288
315797,315797,0,1686581060,661873102,-2.572444438934326,-33.53025436401367,1.4778791666030884,-0.0474015636599586,0.0327309619215794,0.9729934520873698
315798,315798,0,1686581061,468758106,-3.3199636936187744,-33.3958625793457,1.467737317085266,0.0239745218633517,0.0096474115388194,0.9924387956937172
315799,315799,0,1686581062,477344036,-4.349515438079834,-33.19993591308594,1.2762019634246826,0.0216207948031976,0.046599903555633,0.9917377128969554
315800,315800,0,1686581063,485989094,-5.320286273956299,-32.9848518371582,1.1654601097106934,-0.0088510876150027,0.0178912627584895,0.9880269614010389
315801,315801,0,1686581064,494580030,-6.344913482666016,-32.65210723876953,1.0761953592300415,-0.083080063941936,0.0417563084836323,0.9675526160252746
315802,315802,0,1686581065,99714994,-6.971824645996094,-32.456756591796875,0.9706618189811708,-0.066612554507359,0.0673391941014417,0.9866595204145854
315803,315803,0,1686581065,503215075,-7.274818897247314,-32.325714111328125,0.8929517865180969,-0.0578867411747723,0.0466147513777606,0.9696218101791478
315804,315804,0,1686581066,108325005,-7.939409255981445,-32.029598236083984,0.8657503128051758,-0.0562144440924045,0.0495054704244867,0.9902964121127004
315805,315805,0,1686581067,116944075,-8.964179992675781,-31.783971786499023,0.6761478185653687,-0.0471359315482744,0.0981862885720172,0.9891886446002978
315806,315806,0,1686581067,722163916,-9.46411418914795,-31.62777709960937,0.6087817549705505,-0.0512821349152807,0.1278274507876332,0.9654038532856312
315807,315807,0,1686581068,327270031,-10.196701049804688,-31.46714210510254,0.5163407921791077,-0.0450310037804663,0.1045360024098074,0.9861027915505356
315808,315808,0,1686581068,730715036,-10.488704681396484,-31.30659484863281,0.4986084997653961,-0.0538348368202213,0.1379937519311254,0.9580785396560174
315809,315809,0,1686581069,739320993,-11.46185302734375,-30.776315689086918,0.372197151184082,-0.0278173517020674,0.1380049640840725,0.9574659023207874
315810,315810,0,1686581070,344516039,-12.07530689239502,-30.464385986328125,0.2692816853523254,-0.0205499628033563,0.1103983981983847,0.9825970719885264
315811,315811,0,1686581071,353074074,-13.139227867126465,-30.009822845458984,0.1640694439411163,-0.0161018206189402,0.1188591256358438,0.9869537162081832
315812,315812,0,1686581072,361677885,-14.154422760009766,-29.6264591217041,0.0601774491369724,-0.0062604424808471,0.0524349349474896,0.9968975109433084
315813,315813,0,1686581073,370294094,-15.13121509552002,-29.22399139404297,0.019282478839159,0.0221144242185208,0.00579414396482,0.9984347018151776
315814,315814,0,1686581073,975454092,-15.69347858428955,-29.01010131835937,0.0083451215177774,-0.0127748970433653,0.030421884379933,0.979468624798902
315815,315815,0,1686581074,984150887,-16.667999267578125,-28.65247344970703,-0.0138374427333474,-0.0239226486044494,0.0650978699213133,0.971103982080543
315816,315816,0,1686581075,589215040,-17.305667877197266,-28.36297416687012,-0.0184092801064252,-0.0044247625518311,0.0809282345715517,0.9881807146579072
315817,315817,0,1686581075,992710114,-17.647075653076172,-28.190279006958008,0.008789069019258,-0.0153291487437953,0.0546251505337379,0.9678144297532923
315818,315818,0,1686581077,1312971,-18.64713859558105,-27.679161071777344,-0.0489937625825405,-0.0130511095327708,0.0587872306585394,0.9700953299465246
315819,315819,0,1686581077,606471062,-19.277585983276367,-27.356449127197266,-0.0546583458781242,-0.0147100505978435,0.072550922215374,0.9882357737886368
315820,315820,0,1686581078,211608887,-19.76457977294922,-27.04829216003418,-0.0119311725720763,-0.0165951828038181,0.0704715851821207,0.9484275290181134
315821,315821,0,1686581079,220208883,-20.71906852722168,-26.334436416625977,-0.053249042481184,-0.0118575224541383,0.0710981329887718,0.9160600106703248
315822,315822,0,1686581080,228821039,-21.47174644470215,-25.48836326599121,-0.0789839997887611,0.000881406761204,0.0573135435327974,0.8620002763926109
315823,315823,0,1686581080,834033012,-21.66677665710449,-24.90172004699707,-0.1908659934997558,-0.017529514508952,0.0333629964315067,0.8030421219563025
315824,315824,0,1686581081,35681963,-21.71838760375977,-24.692846298217773,-0.1863720118999481,-0.0489784407758122,0.0101114089591413,0.7386940867180533
315825,315825,0,1686581081,237411022,-21.68352508544922,-24.513904571533203,-0.1500647068023681,-0.0406664315642718,0.0415214315468838,0.6582094119744825
315826,315826,0,1686581081,842643976,-21.53216552734375,-23.906185150146484,-0.3109064400196075,-0.0480844522309673,0.0210563993609332,0.5718626974341057
315827,315827,0,1686581082,246090889,-21.240753173828125,-23.53194236755371,-0.3247107863426208,-0.0885149122776453,0.0280886421715387,0.4853258408932854
315828,315828,0,1686581083,254627943,-20.56171989440918,-22.742870330810547,-0.4437769651412964,-0.0914593210132467,0.0221244709044071,0.4015055044604897
315829,315829,0,1686581084,263274908,-19.801233291625977,-22.05278587341309,-0.6066502928733826,-0.1004722313578682,0.0529882179398763,0.3685568838799863
315830,315830,0,1686581085,271888018,-18.96148681640625,-21.441722869873047,-0.5736351013183594,-0.1000512447799652,0.0323039104052373,0.3859187364737381
315831,315831,0,1686581086,78722954,-18.357568740844727,-20.77790069580078,-0.5031363368034363,-0.0853477717065048,0.0350251801309557,0.5074721692445979
315832,315832,0,1686581087,87374926,-18.011274337768555,-19.782100677490234,-0.458487868309021,-0.1073665930530782,0.1023890713449911,0.6173838600758187
315833,315833,0,1686581087,692528963,-17.773290634155273,-19.303585052490234,-0.4606590569019317,-0.0666191658146354,0.1173407804272037,0.5005009614218885
315834,315834,0,1686581088,95999002,-17.5071964263916,-18.85548591613769,-0.4547362625598907,-0.0309190977393024,0.1163540365938878,0.5927232546921627
315835,315835,0,1686581088,701067924,-17.14190101623535,-18.35894203186035,-0.448174387216568,-0.02983745371836,0.0975009130899864,0.497620121915827
315836,315836,0,1686581089,306303024,-16.850793838500977,-17.72076988220215,-0.4422983527183532,-0.0339387267356983,0.0762922812372716,0.6391660502691204
315837,315837,0,1686581089,911415100,-16.54680824279785,-17.18853759765625,-0.5479791760444641,-0.064409100713835,0.0744449208188175,0.5428297267633311
315838,315838,0,1686581090,920015097,-16.06337547302246,-16.2086124420166,-0.520686686038971,-0.0425094073723167,0.0474163639122446,0.5110359812852261
315839,315839,0,1686581091,928636074,-15.510833740234377,-15.136327743530272,-0.5047320127487183,-0.0355027010011481,0.0460198996966813,0.5016445840567062
315840,315840,0,1686581092,937239885,-15.012287139892578,-14.148841857910156,-0.4592423141002655,-0.0130037545302168,0.0519420261070668,0.4955858234690591
315841,315841,0,1686581093,945887089,-14.4635591506958,-13.092239379882812,-0.432731032371521,-0.0996697801513343,0.0569169772285169,0.5258790673244282
315842,315842,0,1686581094,752769947,-14.016767501831056,-12.181614875793455,-0.390260100364685,-0.0883196744607778,0.0022155279514411,0.5966330063649087
315843,315843,0,1686581095,761318922,-13.47214126586914,-11.189221382141112,-0.4280648529529571,-0.1025610684732853,0.0347593649608694,0.6103720080846107
315844,315844,0,1686581096,164940119,-13.225823402404783,-10.84218692779541,-0.4770788252353668,-0.0550813622583566,0.0541372719790075,0.5186823777725991
315845,315845,0,1686581096,769938946,-12.865554809570312,-10.220914840698242,-0.4742644131183624,-0.0576082915920565,0.0622908016111892,0.6160680528849016
315846,315846,0,1686581097,778548002,-12.228456497192385,-9.27169132232666,-0.5086818933486938,-0.0504839993927566,0.0508890728623755,0.5505318747220184
315847,315847,0,1686581098,787149906,-11.55074977874756,-8.375380516052246,-0.5168070793151855,-0.0661588442865291,0.0324953624008842,0.5365441098287965
315848,315848,0,1686581099,795732021,-10.930571556091309,-7.405109405517578,-0.5313312411308289,-0.0868406225885241,0.0597803679434028,0.5462170220891647
315849,315849,0,1686581100,804351091,-10.273642539978027,-6.579134464263916,-0.5868372917175293,-0.0911183291671771,0.0449479469342509,0.538283758040379
315850,315850,0,1686581101,409506083,-9.93104648590088,-6.117248058319092,-0.5997987389564514,-0.1045362073596747,0.0114038524737346,0.4457124377553649
315851,315851,0,1686581102,418128014,-9.24070930480957,-5.332260608673096,-0.6180598735809326,-0.1012725072583926,0.0322930236521041,0.5314118257347136
315852,315852,0,1686581103,426738024,-8.724320411682129,-4.249112606048584,-0.6271604895591736,-0.1103144689135983,0.0484248899573508,0.546309789945479
315853,315853,0,1686581104,435434103,-8.303525924682617,-3.222306251525879,-0.6439779996871948,-0.1119544411552179,0.0647902740563629,0.5515072378967244
315854,315854,0,1686581105,444063902,-7.862573146820068,-2.1202008724212646,-0.66108238697052,-0.1087107113885709,-0.0058290905304506,0.5892526903506131
315855,315855,0,1686581106,452553034,-7.504402160644531,-1.1087018251419067,-0.6326879858970642,-0.1175600098652627,0.0105660301065405,0.5864492629628699
315856,315856,0,1686581106,855989933,-7.485076904296875,-0.7226977944374084,-0.6422173976898193,-0.1065143008366833,0.0287354753967109,0.4911579866487957
315857,315857,0,1686581107,662904978,-6.997607231140137,-0.1857939511537552,-0.6511965394020081,-0.1316203329945018,-0.0035315200901555,0.3312119497918611
315858,315858,0,1686581108,66308022,-6.566094875335693,0.0578456558287143,-0.6409093141555786,-0.0973794849532969,0.0221708580054123,0.2213490337462337
315859,315859,0,1686581108,873245955,-5.484620094299316,0.2341150492429733,-0.4445907473564148,-0.0754398631546821,-0.0229440151885499,0.0390268107099961
315860,315860,0,1686581109,881808043,-5.077452659606934,0.442705899477005,-0.2949171662330627,0.0175857634292146,-0.0469405582675994,-0.0869686645145487
315861,315861,0,1686581110,688692093,-3.9671225547790527,0.2586510777473449,-0.4772045612335205,-0.0228822848190439,-0.0863392069722707,-0.1975963620943498
315862,315862,0,1686581111,92116117,-3.787495374679565,0.1491060703992843,-0.4052616357803345,0.0686486313100953,-0.1206646069883856,-0.3056472404025995
315863,315863,0,1686581111,495611906,-3.429659843444824,-0.0053187739104032,-0.3411559462547302,0.0037638305243817,-0.0898301017271041,-0.1986768121926425
315864,315864,0,1686581112,504252911,-2.262063980102539,-0.4027941524982452,-0.5641719102859497,-0.0282971244583445,-0.0891925459898924,-0.1291354298804393
315865,315865,0,1686581113,512907982,-1.3175435066223145,-0.7444792985916138,-0.1556003838777542,-0.0439722903857515,-0.0423788662710588,-0.0275890871773663
315866,315866,0,1686581114,723107100,-0.3446784913539886,-0.9418450593948364,0.2389649301767349,-0.1137312009188527,-0.0825355683219046,0.0486956331663676
315867,315867,0,1686581115,933439970,0.94670969247818,-0.9277204275131226,0.2669214010238647,-0.1240446254081358,-0.1353528232986572,0.1628307129300043
315868,315868,0,1686581116,639462948,1.501135230064392,-0.5233067274093628,0.3402232825756073,-0.1403184401717084,-0.1013460133619101,0.3214644797601843
315869,315869,0,1686581117,43049097,1.7684571743011477,-0.1849763691425323,0.3856094479560852,-0.1879037299276513,-0.0897667882753709,0.4557112783911255
315870,315870,0,1686581117,648066044,1.9553139209747317,0.3340226411819458,0.4742412567138672,-0.1892067704456732,-0.0981477278208979,0.5555737202779387
315871,315871,0,1686581118,51565886,1.9507179260253904,0.6892264485359192,0.4771303236484527,-0.2283549851533468,-0.0651652577940369,0.6893341321507848
315872,315872,0,1686581118,454982042,1.77001690864563,0.943513572216034,0.4452041983604431,-0.2559498126732185,-0.0477195618230062,0.7658126494535974
315873,315873,0,1686581118,858392954,1.658586859703064,1.1889570951461792,0.3859588801860809,-0.2242252657597679,-0.0095704925595155,0.8340417676794475
315874,315874,0,1686581120,472223997,1.2322468757629397,1.4624119997024536,0.1926342546939849,-0.1441512061890522,0.0083051609809954,0.9027738146593276
315875,315875,0,1686581120,875591993,1.143016338348389,1.4552419185638428,0.206057608127594,-0.1449239840274009,0.0471008634917461,0.9542870722709762
315876,315876,0,1686581121,682528973,1.136901617050171,1.3534783124923706,0.2084679752588272,-0.1504833735299306,0.0064638311591353,0.9109729537984947
315877,315877,0,1686581122,287663937,1.1434617042541504,1.3951246738433838,-0.1598575860261917,-0.2228336812087043,-0.0046431129321013,0.8556021956420418
315878,315878,0,1686581126,725528002,1.1099789142608645,1.3842577934265137,0.1065095141530036,-0.2051117898920961,0.0436141876380212,0.7967783020230197
315879,315879,0,1686581127,330689907,1.2009681463241575,1.354197978973389,0.1561162918806076,-0.213228982305763,0.0083069093069635,0.7218112047178463
